split,continuation,body,seed,checkpoint,label,action,action_name,forced,future_loss,hold_loss,advantage,relative_advantage,regret,optimal,immediate_after,origin_after_horizon,heldout_after,score_hold,score_brake,score_push,state_hash,source_policy_hash,model_hash,query_hash
development,hold,simple,42,1,parent,3,push,False,3.46477795,3.48037958,0.015601634979248047,0.004482738198918961,0,True,3.88750243,3.41251349,3.48254728,0,-0.845968187,0.977612078,5a059bd6003344d2,699a7421b0d043cb,8d6fc088ba456746,699a7421b0d043cb
development,hold,simple,42,64,parent,3,push,False,2.65812111,2.65812111,0,0,0,True,2.71221876,2.50574875,2.9157598,0,-0.0734794959,0.0187980719,22f80e672090a9ce,e850671bcfde074a,8d6fc088ba456746,e850671bcfde074a
development,hold,simple,42,128,parent,2,brake,False,2.77184963,2.7749331,0.003083467483520508,0.0011111858417834019,0,True,2.25723028,2.28561258,2.78975511,0,0.318721682,-0.48138842,da27e745683e4f53,0c711ae3f9f3b369,8d6fc088ba456746,0c711ae3f9f3b369
development,hold,simple,42,192,parent,2,brake,False,2.49873495,2.49857116,-0.00016379356384277344,-6.555486634797909e-05,0.0002980232238769531,False,2.17764926,2.07552242,2.70395947,0,0.119604051,-0.243581042,9c8cdea6eb7a57ff,dcd3d16c62086ffe,8d6fc088ba456746,dcd3d16c62086ffe
development,hold,simple,42,256,parent,2,brake,False,2.48840284,2.48853016,0.00012731552124023438,5.11609110378068e-05,0,True,2.52352881,2.41537142,2.67490864,0,0.116683282,-0.259423643,97aa74ce2dd6741a,3b69fad23bd96b11,8d6fc088ba456746,3b69fad23bd96b11
development,hold,simple,42,320,parent,3,push,False,2.32218218,2.32257056,0.0003883838653564453,0.00016722148486195877,0,True,2.70320868,2.63313365,2.63941097,0,-0.204216272,0.127475202,3f970d7ea56cfa3c,56a5f9d2ea3b5dce,8d6fc088ba456746,56a5f9d2ea3b5dce
development,hold,simple,42,384,parent,2,brake,False,2.29252529,2.29252529,0,0,0,True,2.17337084,2.11616397,2.62273121,0,0.562986493,-0.825815499,68a19e91fdce08a1,47a384cf507082c6,8d6fc088ba456746,47a384cf507082c6
development,hold,simple,42,448,parent,2,brake,False,2.39429855,2.39429855,0,0,0,True,2.34458208,2.24571514,2.59015131,0,0.560334086,-0.834485173,42646f18bcbe8253,b1a8d3ccf9a763d1,8d6fc088ba456746,b1a8d3ccf9a763d1
development,hold,simple,73,1,parent,3,push,False,3.63907146,3.65130806,0.012236595153808594,0.0033512898946000225,0,True,4.42073107,3.02252674,3.40430474,0,-0.875574231,1.01494443,5572b18f72f68b8a,666aab9233109c56,8d6fc088ba456746,666aab9233109c56
development,hold,simple,73,64,parent,3,push,False,2.66067266,2.66067266,0,0,0.0008323192596435547,False,2.86479378,2.61739826,2.81773019,0,-0.206678852,0.186825067,36330f5dafe7e337,084bb1beda6ecb75,8d6fc088ba456746,084bb1beda6ecb75
development,hold,simple,73,128,parent,1,hold,False,2.30517101,2.30517101,0,0,0.00012254714965820312,False,2.48213935,2.50265002,2.73221684,0,-0.0551668108,-0.0153367594,2ef51483bb250b39,3468ca4b30e4636a,8d6fc088ba456746,3468ca4b30e4636a
development,hold,simple,73,192,parent,2,brake,False,2.4272027,2.42869139,0.0014886856079101562,0.000612957662226147,0,True,2.44105625,2.36415577,2.67225456,0,0.0835657045,-0.203236341,13f457b17af52dd0,d2d4b4b1444911b7,8d6fc088ba456746,d2d4b4b1444911b7
development,hold,simple,73,256,parent,2,brake,False,2.41530967,2.41606379,0.0007541179656982422,0.0003121265498373807,0,True,2.30159211,2.25124454,2.63614321,0,0.0936475247,-0.2248144,1a2f7a0929cc1ab4,9d2818d72acde4a6,8d6fc088ba456746,9d2818d72acde4a6
development,hold,simple,73,320,parent,2,brake,False,2.68795109,2.68795109,0,0,0,True,2.30821133,2.24657583,2.59502459,0,0.220977858,-0.39388746,2327c4b4a1964a84,afd280b3a04e4394,8d6fc088ba456746,afd280b3a04e4394
development,hold,simple,73,384,parent,2,brake,False,2.48625898,2.48625898,0,0,0,True,2.55758333,2.50444889,2.58580399,0,0.272482455,-0.473596245,c7fb303f40279ba1,273b60f413914728,8d6fc088ba456746,273b60f413914728
development,hold,simple,73,448,parent,2,brake,False,2.44462919,2.44462919,0,0,0,True,2.41939783,2.34659791,2.58407664,0,0.565262616,-0.842740536,bdb61329767ff36e,102049a52e8865bb,8d6fc088ba456746,102049a52e8865bb
development,hold,hevlm,42,1,parent,3,push,False,2.20211029,2.21314669,0.011036396026611328,0.004986741776729715,0,True,3.57624364,1.98940659,2.16925263,0,-0.905270815,1.05239165,5ae39c1f30b7f5da,699a7421b0d043cb,8d6fc088ba456746,699a7421b0d043cb
development,hold,hevlm,42,64,parent,3,push,False,1.72207141,1.72162938,-0.0004420280456542969,-0.0002567496777974963,0.0011200904846191406,False,1.77359605,1.6163944,1.63115776,0,-0.0853912905,0.0449491553,82ff2365c46c4c06,0be8359c942c0d89,8d6fc088ba456746,0be8359c942c0d89
development,hold,hevlm,42,128,parent,2,brake,False,1.60860038,1.6095773,0.0009769201278686523,0.0006069416622868077,0,True,1.55793643,1.50128245,1.58286607,0,0.178471103,-0.3033216,1f8b6bcf30117b93,0d2a511879540f9d,8d6fc088ba456746,0d2a511879540f9d
development,hold,hevlm,42,192,parent,1,hold,False,1.63772452,1.63772452,0,0,0.0004544258117675781,False,1.66036618,1.57903552,1.59142828,0,-0.0115479631,-0.0875238031,24e61860ff589686,6aefb3d2279b22e8,8d6fc088ba456746,6aefb3d2279b22e8
development,hold,hevlm,42,256,parent,2,brake,False,1.55338383,1.55338383,0,0,2.3484230041503906e-05,False,1.60741508,1.58689201,1.56106365,0,0.170053586,-0.329475224,a1a3c4266cad11db,cf51bebdbfebdf2d,8d6fc088ba456746,cf51bebdbfebdf2d
development,hold,hevlm,42,320,parent,2,brake,False,1.57220864,1.57220864,0,0,0.00016605854034423828,False,1.52377772,1.51297128,1.56945753,0,0.418963581,-0.650756657,159681d1a0a0797b,260d78aa84b90eb0,8d6fc088ba456746,260d78aa84b90eb0
development,hold,hevlm,42,384,parent,2,brake,False,1.56277907,1.56277907,0,0,0,True,1.46565151,1.42583477,1.57388055,0,0.472957671,-0.726011753,26f999a84cc4b6fc,a0322abe7fde62ea,8d6fc088ba456746,a0322abe7fde62ea
development,hold,hevlm,42,448,parent,2,brake,False,1.63503289,1.63503289,0,0,0,True,1.47575784,1.4264704,1.57436168,0,0.634120405,-0.934875071,9ad71073631cae1f,18d4577db65f50eb,8d6fc088ba456746,18d4577db65f50eb
development,hold,hevlm,73,1,parent,3,push,False,2.21730804,2.23078394,0.013475894927978516,0.006040875877454676,0,True,3.50295591,1.84235013,2.19967628,0,-0.902964294,1.04948306,79a492ce9509d387,666aab9233109c56,8d6fc088ba456746,666aab9233109c56
development,hold,hevlm,73,64,parent,2,brake,False,1.63860452,1.63876081,0.00015628337860107422,9.53667446433291e-05,0,True,1.62391865,1.59390557,1.6452179,0,0.0167095028,-0.080269821,cd559fc27593e142,e97494cb9843dd5b,8d6fc088ba456746,e97494cb9843dd5b
development,hold,hevlm,73,128,parent,1,hold,False,1.62045074,1.62045074,0,0,0.0002617835998535156,False,1.59056234,1.49226844,1.59257126,0,-0.0585769489,-0.00947630405,ed9505d02209e0b2,831cac2d9a2be7f4,8d6fc088ba456746,831cac2d9a2be7f4
development,hold,hevlm,73,192,parent,2,brake,False,1.62405181,1.62451839,0.0004665851593017578,0.0002872142745048111,0,True,1.61025977,1.54498553,1.5935123,0,0.00534351729,-0.108657919,9155a527e755e141,2313a487f7a2367b,8d6fc088ba456746,2313a487f7a2367b
development,hold,hevlm,73,256,parent,2,brake,False,1.62029111,1.62029111,0,0,0.0002962350845336914,False,1.57345307,1.55026472,1.58267713,0,0.226130083,-0.399956018,7083329a9da2f1a6,1bc7c68346f0a6f0,8d6fc088ba456746,1bc7c68346f0a6f0
development,hold,hevlm,73,320,parent,2,brake,False,1.61026573,1.61026573,0,0,0,True,1.48332083,1.48786938,1.58889651,0,0.33791557,-0.549858093,059497fe8d935ccd,991b5f26bc6d24af,8d6fc088ba456746,991b5f26bc6d24af
development,hold,hevlm,73,384,parent,2,brake,False,1.58107626,1.58107626,0,0,0,True,1.64441621,1.60308003,1.57132196,0,0.407373756,-0.651471853,5cc98045e98a46d4,2f7d9eaa1fe469b9,8d6fc088ba456746,2f7d9eaa1fe469b9
development,hold,hevlm,73,448,parent,2,brake,False,1.57298994,1.57298994,0,0,0,True,1.59875178,1.6095984,1.57519972,0,0.536410391,-0.818570733,ea32615c82a0e656,1e05bf024505e741,8d6fc088ba456746,1e05bf024505e741
development,hold,simple,42,1,lived-hold,3,push,False,3.46477795,3.48037958,0.015601634979248047,0.004482738198918961,0,True,3.88750243,3.41251349,3.48254728,0,-0.802219033,0.93849498,5a059bd6003344d2,699a7421b0d043cb,9be4ed87c7f394ea,cf13e45f18ff35ee
development,hold,simple,42,64,lived-hold,2,brake,False,2.65834165,2.65812111,-0.0002205371856689453,-8.296728917061804e-05,0.0002205371856689453,False,2.71395159,2.51048779,2.91524982,0,0.336121231,-0.107448794,22f80e672090a9ce,e850671bcfde074a,9be4ed87c7f394ea,10aa6323c66d4987
development,hold,simple,42,128,lived-hold,2,brake,False,2.77184963,2.7749331,0.003083467483520508,0.0011111858417834019,0,True,2.25723028,2.28561258,2.78975511,0,0.545577884,-0.669992089,da27e745683e4f53,0c711ae3f9f3b369,9be4ed87c7f394ea,75925529f6655d78
development,hold,simple,42,192,lived-hold,2,brake,False,2.49873495,2.49857116,-0.00016379356384277344,-6.555486634797909e-05,0.0002980232238769531,False,2.17764926,2.07552242,2.70395947,0,0.398035496,-0.607659817,9c8cdea6eb7a57ff,dcd3d16c62086ffe,9be4ed87c7f394ea,8bb5fae939e3b6cb
development,hold,simple,42,256,lived-hold,2,brake,False,2.48840284,2.48853016,0.00012731552124023438,5.11609110378068e-05,0,True,2.52352881,2.41537142,2.67490864,0,0.0390931591,-0.570137978,97aa74ce2dd6741a,3b69fad23bd96b11,9be4ed87c7f394ea,9cc1294e4ae21934
development,hold,simple,42,320,lived-hold,1,hold,False,2.32257056,2.32257056,0,0,0.0003883838653564453,False,2.70349121,2.63516784,2.63918376,0,-0.321364671,-0.00807598233,3f970d7ea56cfa3c,56a5f9d2ea3b5dce,9be4ed87c7f394ea,04e900f06ed09f6b
development,hold,simple,42,384,lived-hold,2,brake,False,2.29252529,2.29252529,0,0,0,True,2.17337084,2.11616397,2.62273121,0,0.303011239,-1.10834515,68a19e91fdce08a1,47a384cf507082c6,9be4ed87c7f394ea,58fc36a9f272829b
development,hold,simple,42,448,lived-hold,2,brake,False,2.39429855,2.39429855,0,0,0,True,2.34458208,2.24571514,2.59015131,0,0.146110758,-0.992833853,42646f18bcbe8253,b1a8d3ccf9a763d1,9be4ed87c7f394ea,46e1a4327ecaec8c
development,hold,simple,73,1,lived-hold,3,push,False,3.63907146,3.65130806,0.012236595153808594,0.0033512898946000225,0,True,4.42073107,3.02252674,3.40430474,0,-0.828365147,0.970313251,5572b18f72f68b8a,666aab9233109c56,9be4ed87c7f394ea,f6a14ff6460907ef
development,hold,simple,73,64,lived-hold,2,brake,False,2.65984035,2.66067266,0.0008323192596435547,0.0003128227526375132,0,True,2.86655617,2.6217432,2.81761861,0,0.296977311,0.0494481325,36330f5dafe7e337,084bb1beda6ecb75,9be4ed87c7f394ea,ded498d45e37bc58
development,hold,simple,73,128,lived-hold,2,brake,False,2.30520344,2.30517101,-3.24249267578125e-05,-1.4066163642740135e-05,0.00015497207641601562,False,2.48326731,2.50277495,2.7310946,0,0.33195886,-0.23622863,2ef51483bb250b39,3468ca4b30e4636a,9be4ed87c7f394ea,9c395cf20d60f4af
development,hold,simple,73,192,lived-hold,2,brake,False,2.4272027,2.42869139,0.0014886856079101562,0.000612957662226147,0,True,2.44105625,2.36415577,2.67225456,0,0.231289923,-0.487929046,13f457b17af52dd0,d2d4b4b1444911b7,9be4ed87c7f394ea,bb5e8cf5cdb497be
development,hold,simple,73,256,lived-hold,2,brake,False,2.41530967,2.41606379,0.0007541179656982422,0.0003121265498373807,0,True,2.30159211,2.25124454,2.63614321,0,0.204332158,-0.630743325,1a2f7a0929cc1ab4,9d2818d72acde4a6,9be4ed87c7f394ea,8946e460cc894cd7
development,hold,simple,73,320,lived-hold,2,brake,False,2.68795109,2.68795109,0,0,0,True,2.30821133,2.24657583,2.59502459,0,0.169378489,-0.747682095,2327c4b4a1964a84,afd280b3a04e4394,9be4ed87c7f394ea,16ca9b3d894e4f69
development,hold,simple,73,384,lived-hold,1,hold,False,2.48625898,2.48625898,0,0,0,True,2.55758333,2.50444889,2.58580399,0,-0.0556251742,-0.630804241,c7fb303f40279ba1,273b60f413914728,9be4ed87c7f394ea,4e7182533f9ed54d
development,hold,simple,73,448,lived-hold,2,brake,False,2.44462919,2.44462919,0,0,0,True,2.41939783,2.34659791,2.58407664,0,0.0916985124,-0.970473051,bdb61329767ff36e,102049a52e8865bb,9be4ed87c7f394ea,b24a1ac11a23d422
development,hold,hevlm,42,1,lived-hold,3,push,False,2.20211029,2.21314669,0.011036396026611328,0.004986741776729715,0,True,3.57624364,1.98940659,2.16925263,0,-0.854668677,1.00238168,5ae39c1f30b7f5da,699a7421b0d043cb,9be4ed87c7f394ea,cf13e45f18ff35ee
development,hold,hevlm,42,64,lived-hold,2,brake,False,1.72095132,1.72162938,0.0006780624389648438,0.00039384902031072255,0,True,1.77696288,1.61588037,1.62827134,0,0.973050296,-0.438215196,82ff2365c46c4c06,0be8359c942c0d89,9be4ed87c7f394ea,c9721f9ee3171f34
development,hold,hevlm,42,128,lived-hold,2,brake,False,1.60860038,1.6095773,0.0009769201278686523,0.0006069416622868077,0,True,1.55793643,1.50128245,1.58286607,0,0.821616411,-0.742211223,1f8b6bcf30117b93,0d2a511879540f9d,9be4ed87c7f394ea,075170ba738ff178
development,hold,hevlm,42,192,lived-hold,2,brake,False,1.63727009,1.63772452,0.0004544258117675781,0.00027747373204957,0,True,1.66068757,1.58021581,1.59079707,0,0.357842118,-0.538183331,24e61860ff589686,6aefb3d2279b22e8,9be4ed87c7f394ea,71aeb164c47abd41
development,hold,hevlm,42,256,lived-hold,2,brake,False,1.55338383,1.55338383,0,0,2.3484230041503906e-05,False,1.60741508,1.58689201,1.56106365,0,0.235184222,-0.639989734,a1a3c4266cad11db,cf51bebdbfebdf2d,9be4ed87c7f394ea,cb0f9d9f5a1c47e0
development,hold,hevlm,42,320,lived-hold,2,brake,False,1.57220864,1.57220864,0,0,0.00016605854034423828,False,1.52377772,1.51297128,1.56945753,0,0.236183748,-0.811855078,159681d1a0a0797b,260d78aa84b90eb0,9be4ed87c7f394ea,4860fb4b306b4f05
development,hold,hevlm,42,384,lived-hold,2,brake,False,1.56277907,1.56277907,0,0,0,True,1.46565151,1.42583477,1.57388055,0,0.22658363,-0.810136497,26f999a84cc4b6fc,a0322abe7fde62ea,9be4ed87c7f394ea,633df0877f4e87a3
development,hold,hevlm,42,448,lived-hold,2,brake,False,1.63503289,1.63503289,0,0,0,True,1.47575784,1.4264704,1.57436168,0,0.211201519,-0.921223938,9ad71073631cae1f,18d4577db65f50eb,9be4ed87c7f394ea,0f2a414bf04ca8ca
development,hold,hevlm,73,1,lived-hold,3,push,False,2.21730804,2.23078394,0.013475894927978516,0.006040875877454676,0,True,3.50295591,1.84235013,2.19967628,0,-0.852622151,0.999885142,79a492ce9509d387,666aab9233109c56,9be4ed87c7f394ea,f6a14ff6460907ef
development,hold,hevlm,73,64,lived-hold,2,brake,False,1.63860452,1.63876081,0.00015628337860107422,9.53667446433291e-05,0,True,1.62391865,1.59390557,1.6452179,0,1.09416866,-0.582154334,cd559fc27593e142,e97494cb9843dd5b,9be4ed87c7f394ea,de365d59f27e0eba
development,hold,hevlm,73,128,lived-hold,2,brake,False,1.62018895,1.62045074,0.0002617835998535156,0.0001615497667621842,0,True,1.59147549,1.49234951,1.59136403,0,0.705583215,-0.484926343,ed9505d02209e0b2,831cac2d9a2be7f4,9be4ed87c7f394ea,965dc0a2cd1a75a1
development,hold,hevlm,73,192,lived-hold,2,brake,False,1.62405181,1.62451839,0.0004665851593017578,0.0002872142745048111,0,True,1.61025977,1.54498553,1.5935123,0,0.402148783,-0.556729257,9155a527e755e141,2313a487f7a2367b,9be4ed87c7f394ea,2ccf8c4299f76162
development,hold,hevlm,73,256,lived-hold,2,brake,False,1.62029111,1.62029111,0,0,0.0002962350845336914,False,1.57345307,1.55026472,1.58267713,0,0.272167206,-0.699488759,7083329a9da2f1a6,1bc7c68346f0a6f0,9be4ed87c7f394ea,d7d000236ff231c5
development,hold,hevlm,73,320,lived-hold,2,brake,False,1.61026573,1.61026573,0,0,0,True,1.48332083,1.48786938,1.58889651,0,0.243504822,-0.727393806,059497fe8d935ccd,991b5f26bc6d24af,9be4ed87c7f394ea,d361e5b812fc453e
development,hold,hevlm,73,384,lived-hold,2,brake,False,1.58107626,1.58107626,0,0,0,True,1.64441621,1.60308003,1.57132196,0,0.038464047,-0.654105961,5cc98045e98a46d4,2f7d9eaa1fe469b9,9be4ed87c7f394ea,6ed977cbd7d66e14
development,hold,hevlm,73,448,lived-hold,2,brake,False,1.57298994,1.57298994,0,0,0,True,1.59875178,1.6095984,1.57519972,0,0.0736010596,-0.757061601,ea32615c82a0e656,1e05bf024505e741,9be4ed87c7f394ea,1d6d2a5c4ff69960
development,hold,simple,42,1,lived-policy,3,push,False,3.46477795,3.48037958,0.015601634979248047,0.004482738198918961,0,True,3.88750243,3.41251349,3.48254728,0,-0.881359577,0.795452356,5a059bd6003344d2,699a7421b0d043cb,07e8a226c3da9d87,c756b7ecaec52c1c
development,hold,simple,42,64,lived-policy,3,push,False,2.65812111,2.65812111,0,0,0,True,2.71221876,2.50574875,2.9157598,0,0.0191736389,0.24968265,22f80e672090a9ce,e850671bcfde074a,07e8a226c3da9d87,19ff70ea19bbea69
development,hold,simple,42,128,lived-policy,2,brake,False,2.77184963,2.7749331,0.003083467483520508,0.0011111858417834019,0,True,2.25723028,2.28561258,2.78975511,0,0.381997645,-0.218967929,da27e745683e4f53,0c711ae3f9f3b369,07e8a226c3da9d87,835c11a9c774118a
development,hold,simple,42,192,lived-policy,2,brake,False,2.49873495,2.49857116,-0.00016379356384277344,-6.555486634797909e-05,0.0002980232238769531,False,2.17764926,2.07552242,2.70395947,0,0.216064513,-0.413110822,9c8cdea6eb7a57ff,dcd3d16c62086ffe,07e8a226c3da9d87,0b7e19265ff552f5
development,hold,simple,42,256,lived-policy,2,brake,False,2.48840284,2.48853016,0.00012731552124023438,5.11609110378068e-05,0,True,2.52352881,2.41537142,2.67490864,0,0.0321769752,-0.473339885,97aa74ce2dd6741a,3b69fad23bd96b11,07e8a226c3da9d87,d2c67ebf8362d11a
development,hold,simple,42,320,lived-policy,1,hold,False,2.32257056,2.32257056,0,0,0.0003883838653564453,False,2.70349121,2.63516784,2.63918376,0,-0.238282382,-0.404660761,3f970d7ea56cfa3c,56a5f9d2ea3b5dce,07e8a226c3da9d87,d5758133ab9d87d1
development,hold,simple,42,384,lived-policy,2,brake,False,2.29252529,2.29252529,0,0,0,True,2.17337084,2.11616397,2.62273121,0,0.28637439,-0.750768602,68a19e91fdce08a1,47a384cf507082c6,07e8a226c3da9d87,c2fbe976ab05e869
development,hold,simple,42,448,lived-policy,2,brake,False,2.39429855,2.39429855,0,0,0,True,2.34458208,2.24571514,2.59015131,0,0.200113803,-0.76073128,42646f18bcbe8253,b1a8d3ccf9a763d1,07e8a226c3da9d87,95a506566e20e346
development,hold,simple,73,1,lived-policy,3,push,False,3.63907146,3.65130806,0.012236595153808594,0.0033512898946000225,0,True,4.42073107,3.02252674,3.40430474,0,-0.915671051,0.830621183,5572b18f72f68b8a,666aab9233109c56,07e8a226c3da9d87,909747535d0fa1a1
development,hold,simple,73,64,lived-policy,3,push,False,2.66067266,2.66067266,0,0,0.0008323192596435547,False,2.86479378,2.61739826,2.81773019,0,-0.0753572285,0.31843856,36330f5dafe7e337,084bb1beda6ecb75,07e8a226c3da9d87,2488bacb8b255072
development,hold,simple,73,128,lived-policy,2,brake,False,2.30520344,2.30517101,-3.24249267578125e-05,-1.4066163642740135e-05,0.00015497207641601562,False,2.48326731,2.50277495,2.7310946,0,0.0812232047,-0.0721735805,2ef51483bb250b39,3468ca4b30e4636a,07e8a226c3da9d87,4226207a329fd225
development,hold,simple,73,192,lived-policy,2,brake,False,2.4272027,2.42869139,0.0014886856079101562,0.000612957662226147,0,True,2.44105625,2.36415577,2.67225456,0,0.119159743,-0.340266317,13f457b17af52dd0,d2d4b4b1444911b7,07e8a226c3da9d87,67b341392f8ac174
development,hold,simple,73,256,lived-policy,2,brake,False,2.41530967,2.41606379,0.0007541179656982422,0.0003121265498373807,0,True,2.30159211,2.25124454,2.63614321,0,0.0938516706,-0.514832973,1a2f7a0929cc1ab4,9d2818d72acde4a6,07e8a226c3da9d87,eec85b45ff4e0329
development,hold,simple,73,320,lived-policy,2,brake,False,2.68795109,2.68795109,0,0,0,True,2.30821133,2.24657583,2.59502459,0,0.108082071,-0.61063242,2327c4b4a1964a84,afd280b3a04e4394,07e8a226c3da9d87,45709878a088020b
development,hold,simple,73,384,lived-policy,2,brake,False,2.48625898,2.48625898,0,0,0,True,2.55758333,2.50444889,2.58580399,0,0.0213619322,-0.614860296,c7fb303f40279ba1,273b60f413914728,07e8a226c3da9d87,c6363f94c3a2386f
development,hold,simple,73,448,lived-policy,2,brake,False,2.44462919,2.44462919,0,0,0,True,2.41939783,2.34659791,2.58407664,0,0.180035546,-0.748506546,bdb61329767ff36e,102049a52e8865bb,07e8a226c3da9d87,f771f8c5120453b4
development,hold,hevlm,42,1,lived-policy,3,push,False,2.20211029,2.21314669,0.011036396026611328,0.004986741776729715,0,True,3.57624364,1.98940659,2.16925263,0,-0.950260043,0.866130948,5ae39c1f30b7f5da,699a7421b0d043cb,07e8a226c3da9d87,c756b7ecaec52c1c
development,hold,hevlm,42,64,lived-policy,2,brake,False,1.72095132,1.72162938,0.0006780624389648438,0.00039384902031072255,0,True,1.77696288,1.61588037,1.62827134,0,0.335831314,-0.154908881,82ff2365c46c4c06,0be8359c942c0d89,07e8a226c3da9d87,94ee2b277a07ff7a
development,hold,hevlm,42,128,lived-policy,2,brake,False,1.60860038,1.6095773,0.0009769201278686523,0.0006069416622868077,0,True,1.55793643,1.50128245,1.58286607,0,0.396781862,-0.469498605,1f8b6bcf30117b93,0d2a511879540f9d,07e8a226c3da9d87,5c94c29b3aa6efaa
development,hold,hevlm,42,192,lived-policy,2,brake,False,1.63727009,1.63772452,0.0004544258117675781,0.00027747373204957,0,True,1.66068757,1.58021581,1.59079707,0,0.0648100376,-0.48892048,24e61860ff589686,6aefb3d2279b22e8,07e8a226c3da9d87,326870c0ba307253
development,hold,hevlm,42,256,lived-policy,2,brake,False,1.55338383,1.55338383,0,0,2.3484230041503906e-05,False,1.60741508,1.58689201,1.56106365,0,0.056796886,-0.574039817,a1a3c4266cad11db,cf51bebdbfebdf2d,07e8a226c3da9d87,ae2a7809d4d6a846
development,hold,hevlm,42,320,lived-policy,2,brake,False,1.57220864,1.57220864,0,0,0.00016605854034423828,False,1.52377772,1.51297128,1.56945753,0,0.129354328,-0.666804969,159681d1a0a0797b,260d78aa84b90eb0,07e8a226c3da9d87,79236cc3b5eeb077
development,hold,hevlm,42,384,lived-policy,2,brake,False,1.56277907,1.56277907,0,0,0,True,1.46565151,1.42583477,1.57388055,0,0.124183014,-0.719162047,26f999a84cc4b6fc,a0322abe7fde62ea,07e8a226c3da9d87,29c9d1009cbc2105
development,hold,hevlm,42,448,lived-policy,2,brake,False,1.63503289,1.63503289,0,0,0,True,1.47575784,1.4264704,1.57436168,0,0.159979582,-0.776904404,9ad71073631cae1f,18d4577db65f50eb,07e8a226c3da9d87,09a7488e934e0b00
development,hold,hevlm,73,1,lived-policy,3,push,False,2.21730804,2.23078394,0.013475894927978516,0.006040875877454676,0,True,3.50295591,1.84235013,2.19967628,0,-0.947566509,0.863363802,79a492ce9509d387,666aab9233109c56,07e8a226c3da9d87,909747535d0fa1a1
development,hold,hevlm,73,64,lived-policy,2,brake,False,1.63860452,1.63876081,0.00015628337860107422,9.53667446433291e-05,0,True,1.62391865,1.59390557,1.6452179,0,0.458040386,-0.239512384,cd559fc27593e142,e97494cb9843dd5b,07e8a226c3da9d87,ea07f6289873a390
development,hold,hevlm,73,128,lived-policy,2,brake,False,1.62018895,1.62045074,0.0002617835998535156,0.0001615497667621842,0,True,1.59147549,1.49234951,1.59136403,0,0.215331823,-0.387489021,ed9505d02209e0b2,831cac2d9a2be7f4,07e8a226c3da9d87,6bed412d3c78b117
development,hold,hevlm,73,192,lived-policy,2,brake,False,1.62405181,1.62451839,0.0004665851593017578,0.0002872142745048111,0,True,1.61025977,1.54498553,1.5935123,0,0.0781208128,-0.499287128,9155a527e755e141,2313a487f7a2367b,07e8a226c3da9d87,641d453c184b4624
development,hold,hevlm,73,256,lived-policy,2,brake,False,1.62029111,1.62029111,0,0,0.0002962350845336914,False,1.57345307,1.55026472,1.58267713,0,0.0793180168,-0.588147402,7083329a9da2f1a6,1bc7c68346f0a6f0,07e8a226c3da9d87,ed9a75b1442f759f
development,hold,hevlm,73,320,lived-policy,2,brake,False,1.61026573,1.61026573,0,0,0,True,1.48332083,1.48786938,1.58889651,0,0.0872537643,-0.652318001,059497fe8d935ccd,991b5f26bc6d24af,07e8a226c3da9d87,bacf06288834b874
development,hold,hevlm,73,384,lived-policy,2,brake,False,1.58107626,1.58107626,0,0,0,True,1.64441621,1.60308003,1.57132196,0,0.0179177895,-0.660827577,5cc98045e98a46d4,2f7d9eaa1fe469b9,07e8a226c3da9d87,519e0539101480b6
development,hold,hevlm,73,448,lived-policy,2,brake,False,1.57298994,1.57298994,0,0,0,True,1.59875178,1.6095984,1.57519972,0,0.0590195581,-0.726465464,ea32615c82a0e656,1e05bf024505e741,07e8a226c3da9d87,da977462fe14762e
development,hold,simple,42,1,hold,1,hold,True,3.48037958,3.48037958,0,0,0.015601634979248047,False,3.90564895,3.42075062,3.49579835,0,-0.845968187,0.977612078,5a059bd6003344d2,699a7421b0d043cb,699a7421b0d043cb,699a7421b0d043cb
development,hold,simple,42,64,hold,1,hold,True,2.65812111,2.65812111,0,0,0,True,2.71221876,2.50574875,2.9157598,0,-0.0734794959,0.0187980719,22f80e672090a9ce,e850671bcfde074a,e850671bcfde074a,e850671bcfde074a
development,hold,simple,42,128,hold,1,hold,True,2.7749331,2.7749331,0,0,0.003083467483520508,False,2.25569081,2.28635836,2.79204273,0,0.318721682,-0.48138842,da27e745683e4f53,0c711ae3f9f3b369,0c711ae3f9f3b369,0c711ae3f9f3b369
development,hold,simple,42,192,hold,1,hold,True,2.49857116,2.49857116,0,0,0.0001342296600341797,False,2.17701054,2.073699,2.7049942,0,0.119604051,-0.243581042,9c8cdea6eb7a57ff,dcd3d16c62086ffe,dcd3d16c62086ffe,dcd3d16c62086ffe
development,hold,simple,42,256,hold,1,hold,True,2.48853016,2.48853016,0,0,0.00012731552124023438,False,2.52314138,2.41236305,2.67516971,0,0.116683282,-0.259423643,97aa74ce2dd6741a,3b69fad23bd96b11,3b69fad23bd96b11,3b69fad23bd96b11
development,hold,simple,42,320,hold,1,hold,True,2.32257056,2.32257056,0,0,0.0003883838653564453,False,2.70349121,2.63516784,2.63918376,0,-0.204216272,0.127475202,3f970d7ea56cfa3c,56a5f9d2ea3b5dce,56a5f9d2ea3b5dce,56a5f9d2ea3b5dce
development,hold,simple,42,384,hold,1,hold,True,2.29252529,2.29252529,0,0,0,True,2.17337084,2.11616397,2.62273121,0,0.562986493,-0.825815499,68a19e91fdce08a1,47a384cf507082c6,47a384cf507082c6,47a384cf507082c6
development,hold,simple,42,448,hold,1,hold,True,2.39429855,2.39429855,0,0,0,True,2.34458208,2.24571514,2.59015131,0,0.560334086,-0.834485173,42646f18bcbe8253,b1a8d3ccf9a763d1,b1a8d3ccf9a763d1,b1a8d3ccf9a763d1
development,hold,simple,73,1,hold,1,hold,True,3.65130806,3.65130806,0,0,0.012236595153808594,False,4.44211483,3.03779936,3.41736317,0,-0.875574231,1.01494443,5572b18f72f68b8a,666aab9233109c56,666aab9233109c56,666aab9233109c56
development,hold,simple,73,64,hold,1,hold,True,2.66067266,2.66067266,0,0,0.0008323192596435547,False,2.86479378,2.61739826,2.81773019,0,-0.206678852,0.186825067,36330f5dafe7e337,084bb1beda6ecb75,084bb1beda6ecb75,084bb1beda6ecb75
development,hold,simple,73,128,hold,1,hold,True,2.30517101,2.30517101,0,0,0.00012254714965820312,False,2.48213935,2.50265002,2.73221684,0,-0.0551668108,-0.0153367594,2ef51483bb250b39,3468ca4b30e4636a,3468ca4b30e4636a,3468ca4b30e4636a
development,hold,simple,73,192,hold,1,hold,True,2.42869139,2.42869139,0,0,0.0014886856079101562,False,2.44024086,2.36288214,2.67443848,0,0.0835657045,-0.203236341,13f457b17af52dd0,d2d4b4b1444911b7,d2d4b4b1444911b7,d2d4b4b1444911b7
development,hold,simple,73,256,hold,1,hold,True,2.41606379,2.41606379,0,0,0.0007541179656982422,False,2.30128741,2.25049925,2.63637304,0,0.0936475247,-0.2248144,1a2f7a0929cc1ab4,9d2818d72acde4a6,9d2818d72acde4a6,9d2818d72acde4a6
development,hold,simple,73,320,hold,1,hold,True,2.68795109,2.68795109,0,0,0,True,2.30821133,2.24657583,2.59502459,0,0.220977858,-0.39388746,2327c4b4a1964a84,afd280b3a04e4394,afd280b3a04e4394,afd280b3a04e4394
development,hold,simple,73,384,hold,1,hold,True,2.48625898,2.48625898,0,0,0,True,2.55758333,2.50444889,2.58580399,0,0.272482455,-0.473596245,c7fb303f40279ba1,273b60f413914728,273b60f413914728,273b60f413914728
development,hold,simple,73,448,hold,1,hold,True,2.44462919,2.44462919,0,0,0,True,2.41939783,2.34659791,2.58407664,0,0.565262616,-0.842740536,bdb61329767ff36e,102049a52e8865bb,102049a52e8865bb,102049a52e8865bb
development,hold,hevlm,42,1,hold,1,hold,True,2.21314669,2.21314669,0,0,0.011036396026611328,False,3.61667109,1.99868178,2.17918158,0,-0.905270815,1.05239165,5ae39c1f30b7f5da,699a7421b0d043cb,699a7421b0d043cb,699a7421b0d043cb
development,hold,hevlm,42,64,hold,1,hold,True,1.72162938,1.72162938,0,0,0.0006780624389648438,False,1.77527463,1.61610413,1.62974298,0,-0.0853912905,0.0449491553,82ff2365c46c4c06,0be8359c942c0d89,0be8359c942c0d89,0be8359c942c0d89
development,hold,hevlm,42,128,hold,1,hold,True,1.6095773,1.6095773,0,0,0.0009769201278686523,False,1.55754447,1.50062537,1.58397853,0,0.178471103,-0.3033216,1f8b6bcf30117b93,0d2a511879540f9d,0d2a511879540f9d,0d2a511879540f9d
development,hold,hevlm,42,192,hold,1,hold,True,1.63772452,1.63772452,0,0,0.0004544258117675781,False,1.66036618,1.57903552,1.59142828,0,-0.0115479631,-0.0875238031,24e61860ff589686,6aefb3d2279b22e8,6aefb3d2279b22e8,6aefb3d2279b22e8
development,hold,hevlm,42,256,hold,1,hold,True,1.55338383,1.55338383,0,0,2.3484230041503906e-05,False,1.60741508,1.58689201,1.56106365,0,0.170053586,-0.329475224,a1a3c4266cad11db,cf51bebdbfebdf2d,cf51bebdbfebdf2d,cf51bebdbfebdf2d
development,hold,hevlm,42,320,hold,1,hold,True,1.57220864,1.57220864,0,0,0.00016605854034423828,False,1.52377772,1.51297128,1.56945753,0,0.418963581,-0.650756657,159681d1a0a0797b,260d78aa84b90eb0,260d78aa84b90eb0,260d78aa84b90eb0
development,hold,hevlm,42,384,hold,1,hold,True,1.56277907,1.56277907,0,0,0,True,1.46565151,1.42583477,1.57388055,0,0.472957671,-0.726011753,26f999a84cc4b6fc,a0322abe7fde62ea,a0322abe7fde62ea,a0322abe7fde62ea
development,hold,hevlm,42,448,hold,1,hold,True,1.63503289,1.63503289,0,0,0,True,1.47575784,1.4264704,1.57436168,0,0.634120405,-0.934875071,9ad71073631cae1f,18d4577db65f50eb,18d4577db65f50eb,18d4577db65f50eb
development,hold,hevlm,73,1,hold,1,hold,True,2.23078394,2.23078394,0,0,0.013475894927978516,False,3.54469872,1.85453463,2.21223021,0,-0.902964294,1.04948306,79a492ce9509d387,666aab9233109c56,666aab9233109c56,666aab9233109c56
development,hold,hevlm,73,64,hold,1,hold,True,1.63876081,1.63876081,0,0,0.00015628337860107422,False,1.62279642,1.59308314,1.64532757,0,0.0167095028,-0.080269821,cd559fc27593e142,e97494cb9843dd5b,e97494cb9843dd5b,e97494cb9843dd5b
development,hold,hevlm,73,128,hold,1,hold,True,1.62045074,1.62045074,0,0,0.0002617835998535156,False,1.59056234,1.49226844,1.59257126,0,-0.0585769489,-0.00947630405,ed9505d02209e0b2,831cac2d9a2be7f4,831cac2d9a2be7f4,831cac2d9a2be7f4
development,hold,hevlm,73,192,hold,1,hold,True,1.62451839,1.62451839,0,0,0.0004665851593017578,False,1.6100291,1.54361367,1.59335279,0,0.00534351729,-0.108657919,9155a527e755e141,2313a487f7a2367b,2313a487f7a2367b,2313a487f7a2367b
development,hold,hevlm,73,256,hold,1,hold,True,1.62029111,1.62029111,0,0,0.0002962350845336914,False,1.57345307,1.55026472,1.58267713,0,0.226130083,-0.399956018,7083329a9da2f1a6,1bc7c68346f0a6f0,1bc7c68346f0a6f0,1bc7c68346f0a6f0
development,hold,hevlm,73,320,hold,1,hold,True,1.61026573,1.61026573,0,0,0,True,1.48332083,1.48786938,1.58889651,0,0.33791557,-0.549858093,059497fe8d935ccd,991b5f26bc6d24af,991b5f26bc6d24af,991b5f26bc6d24af
development,hold,hevlm,73,384,hold,1,hold,True,1.58107626,1.58107626,0,0,0,True,1.64441621,1.60308003,1.57132196,0,0.407373756,-0.651471853,5cc98045e98a46d4,2f7d9eaa1fe469b9,2f7d9eaa1fe469b9,2f7d9eaa1fe469b9
development,hold,hevlm,73,448,hold,1,hold,True,1.57298994,1.57298994,0,0,0,True,1.59875178,1.6095984,1.57519972,0,0.536410391,-0.818570733,ea32615c82a0e656,1e05bf024505e741,1e05bf024505e741,1e05bf024505e741
development,hold,simple,42,1,brake,2,brake,True,3.49617457,3.48037958,-0.015794992446899414,-0.004538294613835726,0.03139662742614746,False,3.92419076,3.42896938,3.50922704,0,-0.845968187,0.977612078,5a059bd6003344d2,699a7421b0d043cb,699a7421b0d043cb,699a7421b0d043cb
development,hold,simple,42,64,brake,2,brake,True,2.65834165,2.65812111,-0.0002205371856689453,-8.296728917061804e-05,0.0002205371856689453,False,2.71395159,2.51048779,2.91524982,0,-0.0734794959,0.0187980719,22f80e672090a9ce,e850671bcfde074a,e850671bcfde074a,e850671bcfde074a
development,hold,simple,42,128,brake,2,brake,True,2.77184963,2.7749331,0.003083467483520508,0.0011111858417834019,0,True,2.25723028,2.28561258,2.78975511,0,0.318721682,-0.48138842,da27e745683e4f53,0c711ae3f9f3b369,0c711ae3f9f3b369,0c711ae3f9f3b369
development,hold,simple,42,192,brake,2,brake,True,2.49873495,2.49857116,-0.00016379356384277344,-6.555486634797909e-05,0.0002980232238769531,False,2.17764926,2.07552242,2.70395947,0,0.119604051,-0.243581042,9c8cdea6eb7a57ff,dcd3d16c62086ffe,dcd3d16c62086ffe,dcd3d16c62086ffe
development,hold,simple,42,256,brake,2,brake,True,2.48840284,2.48853016,0.00012731552124023438,5.11609110378068e-05,0,True,2.52352881,2.41537142,2.67490864,0,0.116683282,-0.259423643,97aa74ce2dd6741a,3b69fad23bd96b11,3b69fad23bd96b11,3b69fad23bd96b11
development,hold,simple,42,320,brake,2,brake,True,2.32257056,2.32257056,0,0,0.0003883838653564453,False,2.70349121,2.63516784,2.63918376,0,-0.204216272,0.127475202,3f970d7ea56cfa3c,56a5f9d2ea3b5dce,56a5f9d2ea3b5dce,56a5f9d2ea3b5dce
development,hold,simple,42,384,brake,2,brake,True,2.29252529,2.29252529,0,0,0,True,2.17337084,2.11616397,2.62273121,0,0.562986493,-0.825815499,68a19e91fdce08a1,47a384cf507082c6,47a384cf507082c6,47a384cf507082c6
development,hold,simple,42,448,brake,2,brake,True,2.39429855,2.39429855,0,0,0,True,2.34458208,2.24571514,2.59015131,0,0.560334086,-0.834485173,42646f18bcbe8253,b1a8d3ccf9a763d1,b1a8d3ccf9a763d1,b1a8d3ccf9a763d1
development,hold,simple,73,1,brake,2,brake,True,3.66350079,3.65130806,-0.012192726135253906,-0.00333927529440116,0.0244293212890625,False,4.46375465,3.05352783,3.43050051,0,-0.875574231,1.01494443,5572b18f72f68b8a,666aab9233109c56,666aab9233109c56,666aab9233109c56
development,hold,simple,73,64,brake,2,brake,True,2.65984035,2.66067266,0.0008323192596435547,0.0003128227526375132,0,True,2.86655617,2.6217432,2.81761861,0,-0.206678852,0.186825067,36330f5dafe7e337,084bb1beda6ecb75,084bb1beda6ecb75,084bb1beda6ecb75
development,hold,simple,73,128,brake,2,brake,True,2.30520344,2.30517101,-3.24249267578125e-05,-1.4066163642740135e-05,0.00015497207641601562,False,2.48326731,2.50277495,2.7310946,0,-0.0551668108,-0.0153367594,2ef51483bb250b39,3468ca4b30e4636a,3468ca4b30e4636a,3468ca4b30e4636a
development,hold,simple,73,192,brake,2,brake,True,2.4272027,2.42869139,0.0014886856079101562,0.000612957662226147,0,True,2.44105625,2.36415577,2.67225456,0,0.0835657045,-0.203236341,13f457b17af52dd0,d2d4b4b1444911b7,d2d4b4b1444911b7,d2d4b4b1444911b7
development,hold,simple,73,256,brake,2,brake,True,2.41530967,2.41606379,0.0007541179656982422,0.0003121265498373807,0,True,2.30159211,2.25124454,2.63614321,0,0.0936475247,-0.2248144,1a2f7a0929cc1ab4,9d2818d72acde4a6,9d2818d72acde4a6,9d2818d72acde4a6
development,hold,simple,73,320,brake,2,brake,True,2.68795109,2.68795109,0,0,0,True,2.30821133,2.24657583,2.59502459,0,0.220977858,-0.39388746,2327c4b4a1964a84,afd280b3a04e4394,afd280b3a04e4394,afd280b3a04e4394
development,hold,simple,73,384,brake,2,brake,True,2.48625898,2.48625898,0,0,0,True,2.55758333,2.50444889,2.58580399,0,0.272482455,-0.473596245,c7fb303f40279ba1,273b60f413914728,273b60f413914728,273b60f413914728
development,hold,simple,73,448,brake,2,brake,True,2.44462919,2.44462919,0,0,0,True,2.41939783,2.34659791,2.58407664,0,0.565262616,-0.842740536,bdb61329767ff36e,102049a52e8865bb,102049a52e8865bb,102049a52e8865bb
development,hold,hevlm,42,1,brake,2,brake,True,2.22435164,2.21314669,-0.011204957962036133,-0.005062905666039456,0.02224135398864746,False,3.65868831,2.00848007,2.18999624,0,-0.905270815,1.05239165,5ae39c1f30b7f5da,699a7421b0d043cb,699a7421b0d043cb,699a7421b0d043cb
development,hold,hevlm,42,64,brake,2,brake,True,1.72095132,1.72162938,0.0006780624389648438,0.00039384902031072255,0,True,1.77696288,1.61588037,1.62827134,0,-0.0853912905,0.0449491553,82ff2365c46c4c06,0be8359c942c0d89,0be8359c942c0d89,0be8359c942c0d89
development,hold,hevlm,42,128,brake,2,brake,True,1.60860038,1.6095773,0.0009769201278686523,0.0006069416622868077,0,True,1.55793643,1.50128245,1.58286607,0,0.178471103,-0.3033216,1f8b6bcf30117b93,0d2a511879540f9d,0d2a511879540f9d,0d2a511879540f9d
development,hold,hevlm,42,192,brake,2,brake,True,1.63727009,1.63772452,0.0004544258117675781,0.00027747373204957,0,True,1.66068757,1.58021581,1.59079707,0,-0.0115479631,-0.0875238031,24e61860ff589686,6aefb3d2279b22e8,6aefb3d2279b22e8,6aefb3d2279b22e8
development,hold,hevlm,42,256,brake,2,brake,True,1.55338383,1.55338383,0,0,2.3484230041503906e-05,False,1.60741508,1.58689201,1.56106365,0,0.170053586,-0.329475224,a1a3c4266cad11db,cf51bebdbfebdf2d,cf51bebdbfebdf2d,cf51bebdbfebdf2d
development,hold,hevlm,42,320,brake,2,brake,True,1.57220864,1.57220864,0,0,0.00016605854034423828,False,1.52377772,1.51297128,1.56945753,0,0.418963581,-0.650756657,159681d1a0a0797b,260d78aa84b90eb0,260d78aa84b90eb0,260d78aa84b90eb0
development,hold,hevlm,42,384,brake,2,brake,True,1.56277907,1.56277907,0,0,0,True,1.46565151,1.42583477,1.57388055,0,0.472957671,-0.726011753,26f999a84cc4b6fc,a0322abe7fde62ea,a0322abe7fde62ea,a0322abe7fde62ea
development,hold,hevlm,42,448,brake,2,brake,True,1.63503289,1.63503289,0,0,0,True,1.47575784,1.4264704,1.57436168,0,0.634120405,-0.934875071,9ad71073631cae1f,18d4577db65f50eb,18d4577db65f50eb,18d4577db65f50eb
development,hold,hevlm,73,1,brake,2,brake,True,2.24432302,2.23078394,-0.01353907585144043,-0.006069198160946511,0.027014970779418945,False,3.58802152,1.86892939,2.22491193,0,-0.902964294,1.04948306,79a492ce9509d387,666aab9233109c56,666aab9233109c56,666aab9233109c56
development,hold,hevlm,73,64,brake,2,brake,True,1.63860452,1.63876081,0.00015628337860107422,9.53667446433291e-05,0,True,1.62391865,1.59390557,1.6452179,0,0.0167095028,-0.080269821,cd559fc27593e142,e97494cb9843dd5b,e97494cb9843dd5b,e97494cb9843dd5b
development,hold,hevlm,73,128,brake,2,brake,True,1.62018895,1.62045074,0.0002617835998535156,0.0001615497667621842,0,True,1.59147549,1.49234951,1.59136403,0,-0.0585769489,-0.00947630405,ed9505d02209e0b2,831cac2d9a2be7f4,831cac2d9a2be7f4,831cac2d9a2be7f4
development,hold,hevlm,73,192,brake,2,brake,True,1.62405181,1.62451839,0.0004665851593017578,0.0002872142745048111,0,True,1.61025977,1.54498553,1.5935123,0,0.00534351729,-0.108657919,9155a527e755e141,2313a487f7a2367b,2313a487f7a2367b,2313a487f7a2367b
development,hold,hevlm,73,256,brake,2,brake,True,1.62029111,1.62029111,0,0,0.0002962350845336914,False,1.57345307,1.55026472,1.58267713,0,0.226130083,-0.399956018,7083329a9da2f1a6,1bc7c68346f0a6f0,1bc7c68346f0a6f0,1bc7c68346f0a6f0
development,hold,hevlm,73,320,brake,2,brake,True,1.61026573,1.61026573,0,0,0,True,1.48332083,1.48786938,1.58889651,0,0.33791557,-0.549858093,059497fe8d935ccd,991b5f26bc6d24af,991b5f26bc6d24af,991b5f26bc6d24af
development,hold,hevlm,73,384,brake,2,brake,True,1.58107626,1.58107626,0,0,0,True,1.64441621,1.60308003,1.57132196,0,0.407373756,-0.651471853,5cc98045e98a46d4,2f7d9eaa1fe469b9,2f7d9eaa1fe469b9,2f7d9eaa1fe469b9
development,hold,hevlm,73,448,brake,2,brake,True,1.57298994,1.57298994,0,0,0,True,1.59875178,1.6095984,1.57519972,0,0.536410391,-0.818570733,ea32615c82a0e656,1e05bf024505e741,1e05bf024505e741,1e05bf024505e741
development,hold,simple,42,1,push,3,push,True,3.46477795,3.48037958,0.015601634979248047,0.004482738198918961,0,True,3.88750243,3.41251349,3.48254728,0,-0.845968187,0.977612078,5a059bd6003344d2,699a7421b0d043cb,699a7421b0d043cb,699a7421b0d043cb
development,hold,simple,42,64,push,3,push,True,2.65812111,2.65812111,0,0,0,True,2.71221876,2.50574875,2.9157598,0,-0.0734794959,0.0187980719,22f80e672090a9ce,e850671bcfde074a,e850671bcfde074a,e850671bcfde074a
development,hold,simple,42,128,push,3,push,True,2.77803659,2.7749331,-0.003103494644165039,-0.0011184030080023616,0.006186962127685547,False,2.25415921,2.28721857,2.79436755,0,0.318721682,-0.48138842,da27e745683e4f53,0c711ae3f9f3b369,0c711ae3f9f3b369,0c711ae3f9f3b369
development,hold,simple,42,192,push,3,push,True,2.49843693,2.49857116,0.0001342296600341797,5.3722546948926097e-05,0,True,2.17637348,2.0719254,2.7060442,0,0.119604051,-0.243581042,9c8cdea6eb7a57ff,dcd3d16c62086ffe,dcd3d16c62086ffe,dcd3d16c62086ffe
development,hold,simple,42,256,push,3,push,True,2.48864031,2.48853016,-0.00011014938354492188,-4.4262810673158686e-05,0.00023746490478515625,False,2.52275276,2.40938425,2.67541909,0,0.116683282,-0.259423643,97aa74ce2dd6741a,3b69fad23bd96b11,3b69fad23bd96b11,3b69fad23bd96b11
development,hold,simple,42,320,push,3,push,True,2.32218218,2.32257056,0.0003883838653564453,0.00016722148486195877,0,True,2.70320868,2.63313365,2.63941097,0,-0.204216272,0.127475202,3f970d7ea56cfa3c,56a5f9d2ea3b5dce,56a5f9d2ea3b5dce,56a5f9d2ea3b5dce
development,hold,simple,42,384,push,3,push,True,2.29256082,2.29252529,-3.552436828613281e-05,-1.5495729937201492e-05,3.552436828613281e-05,False,2.1731658,2.114573,2.62278152,0,0.562986493,-0.825815499,68a19e91fdce08a1,47a384cf507082c6,47a384cf507082c6,47a384cf507082c6
development,hold,simple,42,448,push,3,push,True,2.39454174,2.39429855,-0.00024318695068359375,-0.00010156914172726389,0.00024318695068359375,False,2.34420419,2.24333334,2.59029746,0,0.560334086,-0.834485173,42646f18bcbe8253,b1a8d3ccf9a763d1,b1a8d3ccf9a763d1,b1a8d3ccf9a763d1
development,hold,simple,73,1,push,3,push,True,3.63907146,3.65130806,0.012236595153808594,0.0033512898946000225,0,True,4.42073107,3.02252674,3.40430474,0,-0.875574231,1.01494443,5572b18f72f68b8a,666aab9233109c56,666aab9233109c56,666aab9233109c56
development,hold,simple,73,64,push,3,push,True,2.66067266,2.66067266,0,0,0.0008323192596435547,False,2.86479378,2.61739826,2.81773019,0,-0.206678852,0.186825067,36330f5dafe7e337,084bb1beda6ecb75,084bb1beda6ecb75,084bb1beda6ecb75
development,hold,simple,73,128,push,3,push,True,2.30504847,2.30517101,0.00012254714965820312,5.316182435565022e-05,0,True,2.4810183,2.50230646,2.73321533,0,-0.0551668108,-0.0153367594,2ef51483bb250b39,3468ca4b30e4636a,3468ca4b30e4636a,3468ca4b30e4636a
development,hold,simple,73,192,push,3,push,True,2.43032551,2.42869139,-0.0016341209411621094,-0.0006728398169279327,0.0031228065490722656,False,2.43942761,2.3617475,2.67685413,0,0.0835657045,-0.203236341,13f457b17af52dd0,d2d4b4b1444911b7,d2d4b4b1444911b7,d2d4b4b1444911b7
development,hold,simple,73,256,push,3,push,True,2.41682935,2.41606379,-0.0007655620574951172,-0.00031686321578496023,0.0015196800231933594,False,2.30098295,2.24979758,2.63660026,0,0.0936475247,-0.2248144,1a2f7a0929cc1ab4,9d2818d72acde4a6,9d2818d72acde4a6,9d2818d72acde4a6
development,hold,simple,73,320,push,3,push,True,2.68822718,2.68795109,-0.0002760887145996094,-0.00010271340617905185,0.0002760887145996094,False,2.30802298,2.24507141,2.59519458,0,0.220977858,-0.39388746,2327c4b4a1964a84,afd280b3a04e4394,afd280b3a04e4394,afd280b3a04e4394
development,hold,simple,73,384,push,3,push,True,2.48634338,2.48625898,-8.440017700195312e-05,-3.394664176645589e-05,8.440017700195312e-05,False,2.55730748,2.50290346,2.58582854,0,0.272482455,-0.473596245,c7fb303f40279ba1,273b60f413914728,273b60f413914728,273b60f413914728
development,hold,simple,73,448,push,3,push,True,2.4449892,2.44462919,-0.0003600120544433594,-0.00014726646818386267,0.0003600120544433594,False,2.41914654,2.34497786,2.58428812,0,0.565262616,-0.842740536,bdb61329767ff36e,102049a52e8865bb,102049a52e8865bb,102049a52e8865bb
development,hold,hevlm,42,1,push,3,push,True,2.20211029,2.21314669,0.011036396026611328,0.004986741776729715,0,True,3.57624364,1.98940659,2.16925263,0,-0.905270815,1.05239165,5ae39c1f30b7f5da,699a7421b0d043cb,699a7421b0d043cb,699a7421b0d043cb
development,hold,hevlm,42,64,push,3,push,True,1.72207141,1.72162938,-0.0004420280456542969,-0.0002567496777974963,0.0011200904846191406,False,1.77359605,1.6163944,1.63115776,0,-0.0853912905,0.0449491553,82ff2365c46c4c06,0be8359c942c0d89,0be8359c942c0d89,0be8359c942c0d89
development,hold,hevlm,42,128,push,3,push,True,1.61007464,1.6095773,-0.0004973411560058594,-0.0003089884826187385,0.0014742612838745117,False,1.55715656,1.49954903,1.58484805,0,0.178471103,-0.3033216,1f8b6bcf30117b93,0d2a511879540f9d,0d2a511879540f9d,0d2a511879540f9d
development,hold,hevlm,42,192,push,3,push,True,1.63820839,1.63772452,-0.0004838705062866211,-0.0002954527487904524,0.0009382963180541992,False,1.6600455,1.57792747,1.59212601,0,-0.0115479631,-0.0875238031,24e61860ff589686,6aefb3d2279b22e8,6aefb3d2279b22e8,6aefb3d2279b22e8
development,hold,hevlm,42,256,push,3,push,True,1.55336034,1.55338383,2.3484230041503906e-05,1.5118101857407339e-05,0,True,1.60729134,1.58635962,1.56087768,0,0.170053586,-0.329475224,a1a3c4266cad11db,cf51bebdbfebdf2d,cf51bebdbfebdf2d,cf51bebdbfebdf2d
development,hold,hevlm,42,320,push,3,push,True,1.57204258,1.57220864,0.00016605854034423828,0.00010562111807916569,0,True,1.52365446,1.51272237,1.56956124,0,0.418963581,-0.650756657,159681d1a0a0797b,260d78aa84b90eb0,260d78aa84b90eb0,260d78aa84b90eb0
development,hold,hevlm,42,384,push,3,push,True,1.56283462,1.56277907,-5.555152893066406e-05,-3.554660699512273e-05,5.555152893066406e-05,False,1.46546876,1.42525303,1.57402611,0,0.472957671,-0.726011753,26f999a84cc4b6fc,a0322abe7fde62ea,a0322abe7fde62ea,a0322abe7fde62ea
development,hold,hevlm,42,448,push,3,push,True,1.63530219,1.63503289,-0.00026929378509521484,-0.0001647022648126238,0.00026929378509521484,False,1.47565007,1.42585754,1.57431006,0,0.634120405,-0.934875071,9ad71073631cae1f,18d4577db65f50eb,18d4577db65f50eb,18d4577db65f50eb
development,hold,hevlm,73,1,push,3,push,True,2.21730804,2.23078394,0.013475894927978516,0.006040875877454676,0,True,3.50295591,1.84235013,2.19967628,0,-0.902964294,1.04948306,79a492ce9509d387,666aab9233109c56,666aab9233109c56,666aab9233109c56
development,hold,hevlm,73,64,push,3,push,True,1.63882232,1.63876081,-6.151199340820312e-05,-3.753565235389612e-05,0.00021779537200927734,False,1.62168157,1.59237254,1.64545524,0,0.0167095028,-0.080269821,cd559fc27593e142,e97494cb9843dd5b,e97494cb9843dd5b,e97494cb9843dd5b
development,hold,hevlm,73,128,push,3,push,True,1.62076354,1.62045074,-0.00031280517578125,-0.00019303578687794687,0.0005745887756347656,False,1.58965278,1.49232101,1.59380734,0,-0.0585769489,-0.00947630405,ed9505d02209e0b2,831cac2d9a2be7f4,831cac2d9a2be7f4,831cac2d9a2be7f4
development,hold,hevlm,73,192,push,3,push,True,1.62498116,1.62451839,-0.0004627704620361328,-0.00028486607399787347,0.0009293556213378906,False,1.60979867,1.54228032,1.59319818,0,0.00534351729,-0.108657919,9155a527e755e141,2313a487f7a2367b,2313a487f7a2367b,2313a487f7a2367b
development,hold,hevlm,73,256,push,3,push,True,1.61999488,1.62029111,0.0002962350845336914,0.00018282819622516787,0,True,1.57330704,1.54979837,1.58286321,0,0.226130083,-0.399956018,7083329a9da2f1a6,1bc7c68346f0a6f0,1bc7c68346f0a6f0,1bc7c68346f0a6f0
development,hold,hevlm,73,320,push,3,push,True,1.61066771,1.61026573,-0.0004019737243652344,-0.00024963176374700395,0.0004019737243652344,False,1.48324025,1.48764157,1.58888102,0,0.33791557,-0.549858093,059497fe8d935ccd,991b5f26bc6d24af,991b5f26bc6d24af,991b5f26bc6d24af
development,hold,hevlm,73,384,push,3,push,True,1.58150768,1.58107626,-0.00043141841888427734,-0.00027286359028954124,0.00043141841888427734,False,1.64423656,1.60198748,1.57137215,0,0.407373756,-0.651471853,5cc98045e98a46d4,2f7d9eaa1fe469b9,2f7d9eaa1fe469b9,2f7d9eaa1fe469b9
development,hold,hevlm,73,448,push,3,push,True,1.57303381,1.57298994,-4.38690185546875e-05,-2.7888920032016373e-05,4.38690185546875e-05,False,1.59868872,1.60981703,1.57529521,0,0.536410391,-0.818570733,ea32615c82a0e656,1e05bf024505e741,1e05bf024505e741,1e05bf024505e741
development,policy,simple,42,1,parent,3,push,False,3.35486722,3.36701369,0.012146472930908203,0.0036074903256824832,0,True,3.88750243,3.38615203,3.39230251,0,-0.845968187,0.977612078,5a059bd6003344d2,699a7421b0d043cb,8d6fc088ba456746,699a7421b0d043cb
development,policy,simple,42,64,parent,3,push,False,2.65815425,2.65815425,0,0,8.034706115722656e-05,False,2.71221876,2.5066781,2.91558766,0,-0.0734794959,0.0187980719,22f80e672090a9ce,e850671bcfde074a,8d6fc088ba456746,e850671bcfde074a
development,policy,simple,42,128,parent,2,brake,False,2.76753378,2.76981211,0.0022783279418945312,0.0008225565602479626,0,True,2.25723028,2.27735686,2.78607035,0,0.318721682,-0.48138842,da27e745683e4f53,0c711ae3f9f3b369,8d6fc088ba456746,0c711ae3f9f3b369
development,policy,simple,42,192,parent,2,brake,False,2.49924922,2.49920225,-4.696846008300781e-05,-1.8793373470545855e-05,0.00023293495178222656,False,2.17764926,2.07381463,2.70336008,0,0.119604051,-0.243581042,9c8cdea6eb7a57ff,dcd3d16c62086ffe,8d6fc088ba456746,dcd3d16c62086ffe
development,policy,simple,42,256,parent,2,brake,False,2.48761845,2.48777819,0.00015974044799804688,6.421005885318999e-05,0,True,2.52352881,2.42606282,2.67390823,0,0.116683282,-0.259423643,97aa74ce2dd6741a,3b69fad23bd96b11,8d6fc088ba456746,3b69fad23bd96b11
development,policy,simple,42,320,parent,3,push,False,2.32252431,2.32250333,-2.09808349609375e-05,-9.033711888099578e-06,2.09808349609375e-05,False,2.70320868,2.63490319,2.6391778,0,-0.204216272,0.127475202,3f970d7ea56cfa3c,56a5f9d2ea3b5dce,8d6fc088ba456746,56a5f9d2ea3b5dce
development,policy,simple,42,384,parent,2,brake,False,2.29252529,2.29252529,0,0,0,True,2.17337084,2.11616397,2.62273121,0,0.562986493,-0.825815499,68a19e91fdce08a1,47a384cf507082c6,8d6fc088ba456746,47a384cf507082c6
development,policy,simple,42,448,parent,2,brake,False,2.3943224,2.3943224,0,0,0,True,2.34458208,2.24552608,2.59016991,0,0.560334086,-0.834485173,42646f18bcbe8253,b1a8d3ccf9a763d1,8d6fc088ba456746,b1a8d3ccf9a763d1
development,policy,simple,73,1,parent,3,push,False,3.55291724,3.56387067,0.010953426361083984,0.0030734626216119987,0,True,4.42073107,2.95940876,3.32271814,0,-0.875574231,1.01494443,5572b18f72f68b8a,666aab9233109c56,8d6fc088ba456746,666aab9233109c56
development,policy,simple,73,64,parent,3,push,False,2.66046715,2.66046715,0,0,0,True,2.86479378,2.61846304,2.81766033,0,-0.206678852,0.186825067,36330f5dafe7e337,084bb1beda6ecb75,8d6fc088ba456746,084bb1beda6ecb75
development,policy,simple,73,128,parent,1,hold,False,2.30493784,2.30493784,0,0,0.0001068115234375,False,2.48213935,2.49841809,2.73105001,0,-0.0551668108,-0.0153367594,2ef51483bb250b39,3468ca4b30e4636a,8d6fc088ba456746,3468ca4b30e4636a
development,policy,simple,73,192,parent,2,brake,False,2.42422962,2.42572141,0.0014917850494384766,0.0006149858883986632,0,True,2.44105625,2.35800529,2.6680038,0,0.0835657045,-0.203236341,13f457b17af52dd0,d2d4b4b1444911b7,8d6fc088ba456746,d2d4b4b1444911b7
development,policy,simple,73,256,parent,2,brake,False,2.41349649,2.41353273,3.62396240234375e-05,1.5015171950639993e-05,0,True,2.30159211,2.2506268,2.63678765,0,0.0936475247,-0.2248144,1a2f7a0929cc1ab4,9d2818d72acde4a6,8d6fc088ba456746,9d2818d72acde4a6
development,policy,simple,73,320,parent,2,brake,False,2.68799233,2.68799233,0,0,3.5762786865234375e-06,False,2.30821133,2.24639392,2.59503293,0,0.220977858,-0.39388746,2327c4b4a1964a84,afd280b3a04e4394,8d6fc088ba456746,afd280b3a04e4394
development,policy,simple,73,384,parent,2,brake,False,2.48626566,2.48626566,0,0,0,True,2.55758333,2.5044353,2.58579612,0,0.272482455,-0.473596245,c7fb303f40279ba1,273b60f413914728,8d6fc088ba456746,273b60f413914728
development,policy,simple,73,448,parent,2,brake,False,2.44462919,2.44462919,0,0,0,True,2.41939783,2.34659791,2.58407664,0,0.565262616,-0.842740536,bdb61329767ff36e,102049a52e8865bb,8d6fc088ba456746,102049a52e8865bb
development,policy,hevlm,42,1,parent,3,push,False,2.13407159,2.14229369,0.008222103118896484,0.0038379888401911997,0,True,3.57624364,1.94148099,2.11514854,0,-0.905270815,1.05239165,5ae39c1f30b7f5da,699a7421b0d043cb,8d6fc088ba456746,699a7421b0d043cb
development,policy,hevlm,42,64,parent,3,push,False,1.71870065,1.71865809,-4.2557716369628906e-05,-2.4762162913064303e-05,4.2557716369628906e-05,False,1.77359605,1.61285686,1.62762249,0,-0.0853912905,0.0449491553,82ff2365c46c4c06,0be8359c942c0d89,8d6fc088ba456746,0be8359c942c0d89
development,policy,hevlm,42,128,parent,2,brake,False,1.60297728,1.6034627,0.00048542022705078125,0.00030273228401670236,0,True,1.55793643,1.50269759,1.57689095,0,0.178471103,-0.3033216,1f8b6bcf30117b93,0d2a511879540f9d,8d6fc088ba456746,0d2a511879540f9d
development,policy,hevlm,42,192,parent,1,hold,False,1.63537288,1.63537288,0,0,0.00025534629821777344,False,1.66036618,1.58312023,1.58755147,0,-0.0115479631,-0.0875238031,24e61860ff589686,6aefb3d2279b22e8,8d6fc088ba456746,6aefb3d2279b22e8
development,policy,hevlm,42,256,parent,2,brake,False,1.55338383,1.55338383,0,0,1.2516975402832031e-05,False,1.60741508,1.58689201,1.56106365,0,0.170053586,-0.329475224,a1a3c4266cad11db,cf51bebdbfebdf2d,8d6fc088ba456746,cf51bebdbfebdf2d
development,policy,hevlm,42,320,parent,2,brake,False,1.57220864,1.57220864,0,0,3.5762786865234375e-07,False,1.52377772,1.51297128,1.56945753,0,0.418963581,-0.650756657,159681d1a0a0797b,260d78aa84b90eb0,8d6fc088ba456746,260d78aa84b90eb0
development,policy,hevlm,42,384,parent,2,brake,False,1.56277907,1.56277907,0,0,1.6927719116210938e-05,False,1.46565151,1.42583477,1.57388055,0,0.472957671,-0.726011753,26f999a84cc4b6fc,a0322abe7fde62ea,8d6fc088ba456746,a0322abe7fde62ea
development,policy,hevlm,42,448,parent,2,brake,False,1.63503289,1.63503289,0,0,0,True,1.47575784,1.4264704,1.57436168,0,0.634120405,-0.934875071,9ad71073631cae1f,18d4577db65f50eb,8d6fc088ba456746,18d4577db65f50eb
development,policy,hevlm,73,1,parent,3,push,False,2.15264273,2.16273999,0.010097265243530273,0.004668735313298488,0,True,3.50295591,1.76896906,2.13152337,0,-0.902964294,1.04948306,79a492ce9509d387,666aab9233109c56,8d6fc088ba456746,666aab9233109c56
development,policy,hevlm,73,64,parent,2,brake,False,1.6388514,1.63961279,0.0007613897323608398,0.00046437138744690495,0,True,1.62391865,1.59380662,1.64500034,0,0.0167095028,-0.080269821,cd559fc27593e142,e97494cb9843dd5b,8d6fc088ba456746,e97494cb9843dd5b
development,policy,hevlm,73,128,parent,1,hold,False,1.62005377,1.62005377,0,0,0,True,1.59056234,1.48876059,1.58593857,0,-0.0585769489,-0.00947630405,ed9505d02209e0b2,831cac2d9a2be7f4,8d6fc088ba456746,831cac2d9a2be7f4
development,policy,hevlm,73,192,parent,2,brake,False,1.62299919,1.62311637,0.00011718273162841797,7.219609222621549e-05,0,True,1.61025977,1.55082238,1.59624946,0,0.00534351729,-0.108657919,9155a527e755e141,2313a487f7a2367b,8d6fc088ba456746,2313a487f7a2367b
development,policy,hevlm,73,256,parent,2,brake,False,1.62029111,1.62029111,0,0,2.2172927856445312e-05,False,1.57345307,1.55026472,1.58267713,0,0.226130083,-0.399956018,7083329a9da2f1a6,1bc7c68346f0a6f0,8d6fc088ba456746,1bc7c68346f0a6f0
development,policy,hevlm,73,320,parent,2,brake,False,1.61026573,1.61026573,0,0,0,True,1.48332083,1.48786938,1.58889651,0,0.33791557,-0.549858093,059497fe8d935ccd,991b5f26bc6d24af,8d6fc088ba456746,991b5f26bc6d24af
development,policy,hevlm,73,384,parent,2,brake,False,1.58107626,1.58107626,0,0,0,True,1.64441621,1.60308003,1.57132196,0,0.407373756,-0.651471853,5cc98045e98a46d4,2f7d9eaa1fe469b9,8d6fc088ba456746,2f7d9eaa1fe469b9
development,policy,hevlm,73,448,parent,2,brake,False,1.57298994,1.57298994,0,0,0,True,1.59875178,1.6095984,1.57519972,0,0.536410391,-0.818570733,ea32615c82a0e656,1e05bf024505e741,8d6fc088ba456746,1e05bf024505e741
development,policy,simple,42,1,lived-hold,3,push,False,3.35486722,3.36701369,0.012146472930908203,0.0036074903256824832,0,True,3.88750243,3.38615203,3.39230251,0,-0.802219033,0.93849498,5a059bd6003344d2,699a7421b0d043cb,9be4ed87c7f394ea,cf13e45f18ff35ee
development,policy,simple,42,64,lived-hold,2,brake,False,2.6580739,2.65815425,8.034706115722656e-05,3.0226624717149727e-05,0,True,2.71395159,2.50786066,2.91542053,0,0.336121231,-0.107448794,22f80e672090a9ce,e850671bcfde074a,9be4ed87c7f394ea,10aa6323c66d4987
development,policy,simple,42,128,lived-hold,2,brake,False,2.76753378,2.76981211,0.0022783279418945312,0.0008225565602479626,0,True,2.25723028,2.27735686,2.78607035,0,0.545577884,-0.669992089,da27e745683e4f53,0c711ae3f9f3b369,9be4ed87c7f394ea,75925529f6655d78
development,policy,simple,42,192,lived-hold,2,brake,False,2.49924922,2.49920225,-4.696846008300781e-05,-1.8793373470545855e-05,0.00023293495178222656,False,2.17764926,2.07381463,2.70336008,0,0.398035496,-0.607659817,9c8cdea6eb7a57ff,dcd3d16c62086ffe,9be4ed87c7f394ea,8bb5fae939e3b6cb
development,policy,simple,42,256,lived-hold,2,brake,False,2.48761845,2.48777819,0.00015974044799804688,6.421005885318999e-05,0,True,2.52352881,2.42606282,2.67390823,0,0.0390931591,-0.570137978,97aa74ce2dd6741a,3b69fad23bd96b11,9be4ed87c7f394ea,9cc1294e4ae21934
development,policy,simple,42,320,lived-hold,1,hold,False,2.32250333,2.32250333,0,0,0,True,2.70349121,2.63513374,2.63916898,0,-0.321364671,-0.00807598233,3f970d7ea56cfa3c,56a5f9d2ea3b5dce,9be4ed87c7f394ea,04e900f06ed09f6b
development,policy,simple,42,384,lived-hold,2,brake,False,2.29252529,2.29252529,0,0,0,True,2.17337084,2.11616397,2.62273121,0,0.303011239,-1.10834515,68a19e91fdce08a1,47a384cf507082c6,9be4ed87c7f394ea,58fc36a9f272829b
development,policy,simple,42,448,lived-hold,2,brake,False,2.3943224,2.3943224,0,0,0,True,2.34458208,2.24552608,2.59016991,0,0.146110758,-0.992833853,42646f18bcbe8253,b1a8d3ccf9a763d1,9be4ed87c7f394ea,46e1a4327ecaec8c
development,policy,simple,73,1,lived-hold,3,push,False,3.55291724,3.56387067,0.010953426361083984,0.0030734626216119987,0,True,4.42073107,2.95940876,3.32271814,0,-0.828365147,0.970313251,5572b18f72f68b8a,666aab9233109c56,9be4ed87c7f394ea,f6a14ff6460907ef
development,policy,simple,73,64,lived-hold,2,brake,False,2.66054916,2.66046715,-8.20159912109375e-05,-3.082765387660116e-05,8.20159912109375e-05,False,2.86655617,2.61907315,2.8176446,0,0.296977311,0.0494481325,36330f5dafe7e337,084bb1beda6ecb75,9be4ed87c7f394ea,ded498d45e37bc58
development,policy,simple,73,128,lived-hold,2,brake,False,2.30494452,2.30493784,-6.67572021484375e-06,-2.896267831674245e-06,0.00011348724365234375,False,2.48326731,2.50002766,2.73043227,0,0.33195886,-0.23622863,2ef51483bb250b39,3468ca4b30e4636a,9be4ed87c7f394ea,9c395cf20d60f4af
development,policy,simple,73,192,lived-hold,2,brake,False,2.42422962,2.42572141,0.0014917850494384766,0.0006149858883986632,0,True,2.44105625,2.35800529,2.6680038,0,0.231289923,-0.487929046,13f457b17af52dd0,d2d4b4b1444911b7,9be4ed87c7f394ea,bb5e8cf5cdb497be
development,policy,simple,73,256,lived-hold,2,brake,False,2.41349649,2.41353273,3.62396240234375e-05,1.5015171950639993e-05,0,True,2.30159211,2.2506268,2.63678765,0,0.204332158,-0.630743325,1a2f7a0929cc1ab4,9d2818d72acde4a6,9be4ed87c7f394ea,8946e460cc894cd7
development,policy,simple,73,320,lived-hold,2,brake,False,2.68799233,2.68799233,0,0,3.5762786865234375e-06,False,2.30821133,2.24639392,2.59503293,0,0.169378489,-0.747682095,2327c4b4a1964a84,afd280b3a04e4394,9be4ed87c7f394ea,16ca9b3d894e4f69
development,policy,simple,73,384,lived-hold,1,hold,False,2.48626566,2.48626566,0,0,0,True,2.55758333,2.5044353,2.58579612,0,-0.0556251742,-0.630804241,c7fb303f40279ba1,273b60f413914728,9be4ed87c7f394ea,4e7182533f9ed54d
development,policy,simple,73,448,lived-hold,2,brake,False,2.44462919,2.44462919,0,0,0,True,2.41939783,2.34659791,2.58407664,0,0.0916985124,-0.970473051,bdb61329767ff36e,102049a52e8865bb,9be4ed87c7f394ea,b24a1ac11a23d422
development,policy,hevlm,42,1,lived-hold,3,push,False,2.13407159,2.14229369,0.008222103118896484,0.0038379888401911997,0,True,3.57624364,1.94148099,2.11514854,0,-0.854668677,1.00238168,5ae39c1f30b7f5da,699a7421b0d043cb,9be4ed87c7f394ea,cf13e45f18ff35ee
development,policy,hevlm,42,64,lived-hold,2,brake,False,1.71886444,1.71865809,-0.00020635128021240234,-0.00012006527731796725,0.00020635128021240234,False,1.77696288,1.61362755,1.62658119,0,0.973050296,-0.438215196,82ff2365c46c4c06,0be8359c942c0d89,9be4ed87c7f394ea,c9721f9ee3171f34
development,policy,hevlm,42,128,lived-hold,2,brake,False,1.60297728,1.6034627,0.00048542022705078125,0.00030273228401670236,0,True,1.55793643,1.50269759,1.57689095,0,0.821616411,-0.742211223,1f8b6bcf30117b93,0d2a511879540f9d,9be4ed87c7f394ea,075170ba738ff178
development,policy,hevlm,42,192,lived-hold,2,brake,False,1.63511753,1.63537288,0.00025534629821777344,0.0001561394013871025,0,True,1.66068757,1.58448589,1.58711672,0,0.357842118,-0.538183331,24e61860ff589686,6aefb3d2279b22e8,9be4ed87c7f394ea,71aeb164c47abd41
development,policy,hevlm,42,256,lived-hold,2,brake,False,1.55338383,1.55338383,0,0,1.2516975402832031e-05,False,1.60741508,1.58689201,1.56106365,0,0.235184222,-0.639989734,a1a3c4266cad11db,cf51bebdbfebdf2d,9be4ed87c7f394ea,cb0f9d9f5a1c47e0
development,policy,hevlm,42,320,lived-hold,2,brake,False,1.57220864,1.57220864,0,0,3.5762786865234375e-07,False,1.52377772,1.51297128,1.56945753,0,0.236183748,-0.811855078,159681d1a0a0797b,260d78aa84b90eb0,9be4ed87c7f394ea,4860fb4b306b4f05
development,policy,hevlm,42,384,lived-hold,2,brake,False,1.56277907,1.56277907,0,0,1.6927719116210938e-05,False,1.46565151,1.42583477,1.57388055,0,0.22658363,-0.810136497,26f999a84cc4b6fc,a0322abe7fde62ea,9be4ed87c7f394ea,633df0877f4e87a3
development,policy,hevlm,42,448,lived-hold,2,brake,False,1.63503289,1.63503289,0,0,0,True,1.47575784,1.4264704,1.57436168,0,0.211201519,-0.921223938,9ad71073631cae1f,18d4577db65f50eb,9be4ed87c7f394ea,0f2a414bf04ca8ca
development,policy,hevlm,73,1,lived-hold,3,push,False,2.15264273,2.16273999,0.010097265243530273,0.004668735313298488,0,True,3.50295591,1.76896906,2.13152337,0,-0.852622151,0.999885142,79a492ce9509d387,666aab9233109c56,9be4ed87c7f394ea,f6a14ff6460907ef
development,policy,hevlm,73,64,lived-hold,2,brake,False,1.6388514,1.63961279,0.0007613897323608398,0.00046437138744690495,0,True,1.62391865,1.59380662,1.64500034,0,1.09416866,-0.582154334,cd559fc27593e142,e97494cb9843dd5b,9be4ed87c7f394ea,de365d59f27e0eba
development,policy,hevlm,73,128,lived-hold,2,brake,False,1.62007034,1.62005377,-1.6570091247558594e-05,-1.0228105600651505e-05,1.6570091247558594e-05,False,1.59147549,1.48903871,1.58592308,0,0.705583215,-0.484926343,ed9505d02209e0b2,831cac2d9a2be7f4,9be4ed87c7f394ea,965dc0a2cd1a75a1
development,policy,hevlm,73,192,lived-hold,2,brake,False,1.62299919,1.62311637,0.00011718273162841797,7.219609222621549e-05,0,True,1.61025977,1.55082238,1.59624946,0,0.402148783,-0.556729257,9155a527e755e141,2313a487f7a2367b,9be4ed87c7f394ea,2ccf8c4299f76162
development,policy,hevlm,73,256,lived-hold,2,brake,False,1.62029111,1.62029111,0,0,2.2172927856445312e-05,False,1.57345307,1.55026472,1.58267713,0,0.272167206,-0.699488759,7083329a9da2f1a6,1bc7c68346f0a6f0,9be4ed87c7f394ea,d7d000236ff231c5
development,policy,hevlm,73,320,lived-hold,2,brake,False,1.61026573,1.61026573,0,0,0,True,1.48332083,1.48786938,1.58889651,0,0.243504822,-0.727393806,059497fe8d935ccd,991b5f26bc6d24af,9be4ed87c7f394ea,d361e5b812fc453e
development,policy,hevlm,73,384,lived-hold,2,brake,False,1.58107626,1.58107626,0,0,0,True,1.64441621,1.60308003,1.57132196,0,0.038464047,-0.654105961,5cc98045e98a46d4,2f7d9eaa1fe469b9,9be4ed87c7f394ea,6ed977cbd7d66e14
development,policy,hevlm,73,448,lived-hold,2,brake,False,1.57298994,1.57298994,0,0,0,True,1.59875178,1.6095984,1.57519972,0,0.0736010596,-0.757061601,ea32615c82a0e656,1e05bf024505e741,9be4ed87c7f394ea,1d6d2a5c4ff69960
development,policy,simple,42,1,lived-policy,3,push,False,3.35486722,3.36701369,0.012146472930908203,0.0036074903256824832,0,True,3.88750243,3.38615203,3.39230251,0,-0.881359577,0.795452356,5a059bd6003344d2,699a7421b0d043cb,07e8a226c3da9d87,c756b7ecaec52c1c
development,policy,simple,42,64,lived-policy,3,push,False,2.65815425,2.65815425,0,0,8.034706115722656e-05,False,2.71221876,2.5066781,2.91558766,0,0.0191736389,0.24968265,22f80e672090a9ce,e850671bcfde074a,07e8a226c3da9d87,19ff70ea19bbea69
development,policy,simple,42,128,lived-policy,2,brake,False,2.76753378,2.76981211,0.0022783279418945312,0.0008225565602479626,0,True,2.25723028,2.27735686,2.78607035,0,0.381997645,-0.218967929,da27e745683e4f53,0c711ae3f9f3b369,07e8a226c3da9d87,835c11a9c774118a
development,policy,simple,42,192,lived-policy,2,brake,False,2.49924922,2.49920225,-4.696846008300781e-05,-1.8793373470545855e-05,0.00023293495178222656,False,2.17764926,2.07381463,2.70336008,0,0.216064513,-0.413110822,9c8cdea6eb7a57ff,dcd3d16c62086ffe,07e8a226c3da9d87,0b7e19265ff552f5
development,policy,simple,42,256,lived-policy,2,brake,False,2.48761845,2.48777819,0.00015974044799804688,6.421005885318999e-05,0,True,2.52352881,2.42606282,2.67390823,0,0.0321769752,-0.473339885,97aa74ce2dd6741a,3b69fad23bd96b11,07e8a226c3da9d87,d2c67ebf8362d11a
development,policy,simple,42,320,lived-policy,1,hold,False,2.32250333,2.32250333,0,0,0,True,2.70349121,2.63513374,2.63916898,0,-0.238282382,-0.404660761,3f970d7ea56cfa3c,56a5f9d2ea3b5dce,07e8a226c3da9d87,d5758133ab9d87d1
development,policy,simple,42,384,lived-policy,2,brake,False,2.29252529,2.29252529,0,0,0,True,2.17337084,2.11616397,2.62273121,0,0.28637439,-0.750768602,68a19e91fdce08a1,47a384cf507082c6,07e8a226c3da9d87,c2fbe976ab05e869
development,policy,simple,42,448,lived-policy,2,brake,False,2.3943224,2.3943224,0,0,0,True,2.34458208,2.24552608,2.59016991,0,0.200113803,-0.76073128,42646f18bcbe8253,b1a8d3ccf9a763d1,07e8a226c3da9d87,95a506566e20e346
development,policy,simple,73,1,lived-policy,3,push,False,3.55291724,3.56387067,0.010953426361083984,0.0030734626216119987,0,True,4.42073107,2.95940876,3.32271814,0,-0.915671051,0.830621183,5572b18f72f68b8a,666aab9233109c56,07e8a226c3da9d87,909747535d0fa1a1
development,policy,simple,73,64,lived-policy,3,push,False,2.66046715,2.66046715,0,0,0,True,2.86479378,2.61846304,2.81766033,0,-0.0753572285,0.31843856,36330f5dafe7e337,084bb1beda6ecb75,07e8a226c3da9d87,2488bacb8b255072
development,policy,simple,73,128,lived-policy,2,brake,False,2.30494452,2.30493784,-6.67572021484375e-06,-2.896267831674245e-06,0.00011348724365234375,False,2.48326731,2.50002766,2.73043227,0,0.0812232047,-0.0721735805,2ef51483bb250b39,3468ca4b30e4636a,07e8a226c3da9d87,4226207a329fd225
development,policy,simple,73,192,lived-policy,2,brake,False,2.42422962,2.42572141,0.0014917850494384766,0.0006149858883986632,0,True,2.44105625,2.35800529,2.6680038,0,0.119159743,-0.340266317,13f457b17af52dd0,d2d4b4b1444911b7,07e8a226c3da9d87,67b341392f8ac174
development,policy,simple,73,256,lived-policy,2,brake,False,2.41349649,2.41353273,3.62396240234375e-05,1.5015171950639993e-05,0,True,2.30159211,2.2506268,2.63678765,0,0.0938516706,-0.514832973,1a2f7a0929cc1ab4,9d2818d72acde4a6,07e8a226c3da9d87,eec85b45ff4e0329
development,policy,simple,73,320,lived-policy,2,brake,False,2.68799233,2.68799233,0,0,3.5762786865234375e-06,False,2.30821133,2.24639392,2.59503293,0,0.108082071,-0.61063242,2327c4b4a1964a84,afd280b3a04e4394,07e8a226c3da9d87,45709878a088020b
development,policy,simple,73,384,lived-policy,2,brake,False,2.48626566,2.48626566,0,0,0,True,2.55758333,2.5044353,2.58579612,0,0.0213619322,-0.614860296,c7fb303f40279ba1,273b60f413914728,07e8a226c3da9d87,c6363f94c3a2386f
development,policy,simple,73,448,lived-policy,2,brake,False,2.44462919,2.44462919,0,0,0,True,2.41939783,2.34659791,2.58407664,0,0.180035546,-0.748506546,bdb61329767ff36e,102049a52e8865bb,07e8a226c3da9d87,f771f8c5120453b4
development,policy,hevlm,42,1,lived-policy,3,push,False,2.13407159,2.14229369,0.008222103118896484,0.0038379888401911997,0,True,3.57624364,1.94148099,2.11514854,0,-0.950260043,0.866130948,5ae39c1f30b7f5da,699a7421b0d043cb,07e8a226c3da9d87,c756b7ecaec52c1c
development,policy,hevlm,42,64,lived-policy,2,brake,False,1.71886444,1.71865809,-0.00020635128021240234,-0.00012006527731796725,0.00020635128021240234,False,1.77696288,1.61362755,1.62658119,0,0.335831314,-0.154908881,82ff2365c46c4c06,0be8359c942c0d89,07e8a226c3da9d87,94ee2b277a07ff7a
development,policy,hevlm,42,128,lived-policy,2,brake,False,1.60297728,1.6034627,0.00048542022705078125,0.00030273228401670236,0,True,1.55793643,1.50269759,1.57689095,0,0.396781862,-0.469498605,1f8b6bcf30117b93,0d2a511879540f9d,07e8a226c3da9d87,5c94c29b3aa6efaa
development,policy,hevlm,42,192,lived-policy,2,brake,False,1.63511753,1.63537288,0.00025534629821777344,0.0001561394013871025,0,True,1.66068757,1.58448589,1.58711672,0,0.0648100376,-0.48892048,24e61860ff589686,6aefb3d2279b22e8,07e8a226c3da9d87,326870c0ba307253
development,policy,hevlm,42,256,lived-policy,2,brake,False,1.55338383,1.55338383,0,0,1.2516975402832031e-05,False,1.60741508,1.58689201,1.56106365,0,0.056796886,-0.574039817,a1a3c4266cad11db,cf51bebdbfebdf2d,07e8a226c3da9d87,ae2a7809d4d6a846
development,policy,hevlm,42,320,lived-policy,2,brake,False,1.57220864,1.57220864,0,0,3.5762786865234375e-07,False,1.52377772,1.51297128,1.56945753,0,0.129354328,-0.666804969,159681d1a0a0797b,260d78aa84b90eb0,07e8a226c3da9d87,79236cc3b5eeb077
development,policy,hevlm,42,384,lived-policy,2,brake,False,1.56277907,1.56277907,0,0,1.6927719116210938e-05,False,1.46565151,1.42583477,1.57388055,0,0.124183014,-0.719162047,26f999a84cc4b6fc,a0322abe7fde62ea,07e8a226c3da9d87,29c9d1009cbc2105
development,policy,hevlm,42,448,lived-policy,2,brake,False,1.63503289,1.63503289,0,0,0,True,1.47575784,1.4264704,1.57436168,0,0.159979582,-0.776904404,9ad71073631cae1f,18d4577db65f50eb,07e8a226c3da9d87,09a7488e934e0b00
development,policy,hevlm,73,1,lived-policy,3,push,False,2.15264273,2.16273999,0.010097265243530273,0.004668735313298488,0,True,3.50295591,1.76896906,2.13152337,0,-0.947566509,0.863363802,79a492ce9509d387,666aab9233109c56,07e8a226c3da9d87,909747535d0fa1a1
development,policy,hevlm,73,64,lived-policy,2,brake,False,1.6388514,1.63961279,0.0007613897323608398,0.00046437138744690495,0,True,1.62391865,1.59380662,1.64500034,0,0.458040386,-0.239512384,cd559fc27593e142,e97494cb9843dd5b,07e8a226c3da9d87,ea07f6289873a390
development,policy,hevlm,73,128,lived-policy,2,brake,False,1.62007034,1.62005377,-1.6570091247558594e-05,-1.0228105600651505e-05,1.6570091247558594e-05,False,1.59147549,1.48903871,1.58592308,0,0.215331823,-0.387489021,ed9505d02209e0b2,831cac2d9a2be7f4,07e8a226c3da9d87,6bed412d3c78b117
development,policy,hevlm,73,192,lived-policy,2,brake,False,1.62299919,1.62311637,0.00011718273162841797,7.219609222621549e-05,0,True,1.61025977,1.55082238,1.59624946,0,0.0781208128,-0.499287128,9155a527e755e141,2313a487f7a2367b,07e8a226c3da9d87,641d453c184b4624
development,policy,hevlm,73,256,lived-policy,2,brake,False,1.62029111,1.62029111,0,0,2.2172927856445312e-05,False,1.57345307,1.55026472,1.58267713,0,0.0793180168,-0.588147402,7083329a9da2f1a6,1bc7c68346f0a6f0,07e8a226c3da9d87,ed9a75b1442f759f
development,policy,hevlm,73,320,lived-policy,2,brake,False,1.61026573,1.61026573,0,0,0,True,1.48332083,1.48786938,1.58889651,0,0.0872537643,-0.652318001,059497fe8d935ccd,991b5f26bc6d24af,07e8a226c3da9d87,bacf06288834b874
development,policy,hevlm,73,384,lived-policy,2,brake,False,1.58107626,1.58107626,0,0,0,True,1.64441621,1.60308003,1.57132196,0,0.0179177895,-0.660827577,5cc98045e98a46d4,2f7d9eaa1fe469b9,07e8a226c3da9d87,519e0539101480b6
development,policy,hevlm,73,448,lived-policy,2,brake,False,1.57298994,1.57298994,0,0,0,True,1.59875178,1.6095984,1.57519972,0,0.0590195581,-0.726465464,ea32615c82a0e656,1e05bf024505e741,07e8a226c3da9d87,da977462fe14762e
development,policy,simple,42,1,hold,1,hold,True,3.36701369,3.36701369,0,0,0.012146472930908203,False,3.90564895,3.39441013,3.40301776,0,-0.845968187,0.977612078,5a059bd6003344d2,699a7421b0d043cb,699a7421b0d043cb,699a7421b0d043cb
development,policy,simple,42,64,hold,1,hold,True,2.65815425,2.65815425,0,0,8.034706115722656e-05,False,2.71221876,2.5066781,2.91558766,0,-0.0734794959,0.0187980719,22f80e672090a9ce,e850671bcfde074a,e850671bcfde074a,e850671bcfde074a
development,policy,simple,42,128,hold,1,hold,True,2.76981211,2.76981211,0,0,0.0022783279418945312,False,2.25569081,2.27746463,2.78776717,0,0.318721682,-0.48138842,da27e745683e4f53,0c711ae3f9f3b369,0c711ae3f9f3b369,0c711ae3f9f3b369
development,policy,simple,42,192,hold,1,hold,True,2.49920225,2.49920225,0,0,0.00018596649169921875,False,2.17701054,2.07220674,2.703655,0,0.119604051,-0.243581042,9c8cdea6eb7a57ff,dcd3d16c62086ffe,dcd3d16c62086ffe,dcd3d16c62086ffe
development,policy,simple,42,256,hold,1,hold,True,2.48777819,2.48777819,0,0,0.00015974044799804688,False,2.52314138,2.4232645,2.67417741,0,0.116683282,-0.259423643,97aa74ce2dd6741a,3b69fad23bd96b11,3b69fad23bd96b11,3b69fad23bd96b11
development,policy,simple,42,320,hold,1,hold,True,2.32250333,2.32250333,0,0,0,True,2.70349121,2.63513374,2.63916898,0,-0.204216272,0.127475202,3f970d7ea56cfa3c,56a5f9d2ea3b5dce,56a5f9d2ea3b5dce,56a5f9d2ea3b5dce
development,policy,simple,42,384,hold,1,hold,True,2.29252529,2.29252529,0,0,0,True,2.17337084,2.11616397,2.62273121,0,0.562986493,-0.825815499,68a19e91fdce08a1,47a384cf507082c6,47a384cf507082c6,47a384cf507082c6
development,policy,simple,42,448,hold,1,hold,True,2.3943224,2.3943224,0,0,0,True,2.34458208,2.24552608,2.59016991,0,0.560334086,-0.834485173,42646f18bcbe8253,b1a8d3ccf9a763d1,b1a8d3ccf9a763d1,b1a8d3ccf9a763d1
development,policy,simple,73,1,hold,1,hold,True,3.56387067,3.56387067,0,0,0.010953426361083984,False,4.44211483,2.97152567,3.333184,0,-0.875574231,1.01494443,5572b18f72f68b8a,666aab9233109c56,666aab9233109c56,666aab9233109c56
development,policy,simple,73,64,hold,1,hold,True,2.66046715,2.66046715,0,0,0,True,2.86479378,2.61846304,2.81766033,0,-0.206678852,0.186825067,36330f5dafe7e337,084bb1beda6ecb75,084bb1beda6ecb75,084bb1beda6ecb75
development,policy,simple,73,128,hold,1,hold,True,2.30493784,2.30493784,0,0,0.0001068115234375,False,2.48213935,2.49841809,2.73105001,0,-0.0551668108,-0.0153367594,2ef51483bb250b39,3468ca4b30e4636a,3468ca4b30e4636a,3468ca4b30e4636a
development,policy,simple,73,192,hold,1,hold,True,2.42572141,2.42572141,0,0,0.0014917850494384766,False,2.44024086,2.35668254,2.67018533,0,0.0835657045,-0.203236341,13f457b17af52dd0,d2d4b4b1444911b7,d2d4b4b1444911b7,d2d4b4b1444911b7
development,policy,simple,73,256,hold,1,hold,True,2.41353273,2.41353273,0,0,3.62396240234375e-05,False,2.30128741,2.25014377,2.63700151,0,0.0936475247,-0.2248144,1a2f7a0929cc1ab4,9d2818d72acde4a6,9d2818d72acde4a6,9d2818d72acde4a6
development,policy,simple,73,320,hold,1,hold,True,2.68799233,2.68799233,0,0,3.5762786865234375e-06,False,2.30821133,2.24639392,2.59503293,0,0.220977858,-0.39388746,2327c4b4a1964a84,afd280b3a04e4394,afd280b3a04e4394,afd280b3a04e4394
development,policy,simple,73,384,hold,1,hold,True,2.48626566,2.48626566,0,0,0,True,2.55758333,2.5044353,2.58579612,0,0.272482455,-0.473596245,c7fb303f40279ba1,273b60f413914728,273b60f413914728,273b60f413914728
development,policy,simple,73,448,hold,1,hold,True,2.44462919,2.44462919,0,0,0,True,2.41939783,2.34659791,2.58407664,0,0.565262616,-0.842740536,bdb61329767ff36e,102049a52e8865bb,102049a52e8865bb,102049a52e8865bb
development,policy,hevlm,42,1,hold,1,hold,True,2.14229369,2.14229369,0,0,0.008222103118896484,False,3.61667109,1.9479115,2.12131238,0,-0.905270815,1.05239165,5ae39c1f30b7f5da,699a7421b0d043cb,699a7421b0d043cb,699a7421b0d043cb
development,policy,hevlm,42,64,hold,1,hold,True,1.71865809,1.71865809,0,0,0,True,1.77527463,1.61266279,1.62745702,0,-0.0853912905,0.0449491553,82ff2365c46c4c06,0be8359c942c0d89,0be8359c942c0d89,0be8359c942c0d89
development,policy,hevlm,42,128,hold,1,hold,True,1.6034627,1.6034627,0,0,0.00048542022705078125,False,1.55754447,1.50214922,1.57745147,0,0.178471103,-0.3033216,1f8b6bcf30117b93,0d2a511879540f9d,0d2a511879540f9d,0d2a511879540f9d
development,policy,hevlm,42,192,hold,1,hold,True,1.63537288,1.63537288,0,0,0.00025534629821777344,False,1.66036618,1.58312023,1.58755147,0,-0.0115479631,-0.0875238031,24e61860ff589686,6aefb3d2279b22e8,6aefb3d2279b22e8,6aefb3d2279b22e8
development,policy,hevlm,42,256,hold,1,hold,True,1.55338383,1.55338383,0,0,1.2516975402832031e-05,False,1.60741508,1.58689201,1.56106365,0,0.170053586,-0.329475224,a1a3c4266cad11db,cf51bebdbfebdf2d,cf51bebdbfebdf2d,cf51bebdbfebdf2d
development,policy,hevlm,42,320,hold,1,hold,True,1.57220864,1.57220864,0,0,3.5762786865234375e-07,False,1.52377772,1.51297128,1.56945753,0,0.418963581,-0.650756657,159681d1a0a0797b,260d78aa84b90eb0,260d78aa84b90eb0,260d78aa84b90eb0
development,policy,hevlm,42,384,hold,1,hold,True,1.56277907,1.56277907,0,0,1.6927719116210938e-05,False,1.46565151,1.42583477,1.57388055,0,0.472957671,-0.726011753,26f999a84cc4b6fc,a0322abe7fde62ea,a0322abe7fde62ea,a0322abe7fde62ea
development,policy,hevlm,42,448,hold,1,hold,True,1.63503289,1.63503289,0,0,0,True,1.47575784,1.4264704,1.57436168,0,0.634120405,-0.934875071,9ad71073631cae1f,18d4577db65f50eb,18d4577db65f50eb,18d4577db65f50eb
development,policy,hevlm,73,1,hold,1,hold,True,2.16273999,2.16273999,0,0,0.010097265243530273,False,3.54469872,1.77944458,2.139292,0,-0.902964294,1.04948306,79a492ce9509d387,666aab9233109c56,666aab9233109c56,666aab9233109c56
development,policy,hevlm,73,64,hold,1,hold,True,1.63961279,1.63961279,0,0,0.0007613897323608398,False,1.62279642,1.59345317,1.64545333,0,0.0167095028,-0.080269821,cd559fc27593e142,e97494cb9843dd5b,e97494cb9843dd5b,e97494cb9843dd5b
development,policy,hevlm,73,128,hold,1,hold,True,1.62005377,1.62005377,0,0,0,True,1.59056234,1.48876059,1.58593857,0,-0.0585769489,-0.00947630405,ed9505d02209e0b2,831cac2d9a2be7f4,831cac2d9a2be7f4,831cac2d9a2be7f4
development,policy,hevlm,73,192,hold,1,hold,True,1.62311637,1.62311637,0,0,0.00011718273162841797,False,1.6100291,1.550524,1.59630311,0,0.00534351729,-0.108657919,9155a527e755e141,2313a487f7a2367b,2313a487f7a2367b,2313a487f7a2367b
development,policy,hevlm,73,256,hold,1,hold,True,1.62029111,1.62029111,0,0,2.2172927856445312e-05,False,1.57345307,1.55026472,1.58267713,0,0.226130083,-0.399956018,7083329a9da2f1a6,1bc7c68346f0a6f0,1bc7c68346f0a6f0,1bc7c68346f0a6f0
development,policy,hevlm,73,320,hold,1,hold,True,1.61026573,1.61026573,0,0,0,True,1.48332083,1.48786938,1.58889651,0,0.33791557,-0.549858093,059497fe8d935ccd,991b5f26bc6d24af,991b5f26bc6d24af,991b5f26bc6d24af
development,policy,hevlm,73,384,hold,1,hold,True,1.58107626,1.58107626,0,0,0,True,1.64441621,1.60308003,1.57132196,0,0.407373756,-0.651471853,5cc98045e98a46d4,2f7d9eaa1fe469b9,2f7d9eaa1fe469b9,2f7d9eaa1fe469b9
development,policy,hevlm,73,448,hold,1,hold,True,1.57298994,1.57298994,0,0,0,True,1.59875178,1.6095984,1.57519972,0,0.536410391,-0.818570733,ea32615c82a0e656,1e05bf024505e741,1e05bf024505e741,1e05bf024505e741
development,policy,simple,42,1,brake,2,brake,True,3.38024282,3.36701369,-0.013229131698608398,-0.003929038898071369,0.0253756046295166,False,3.92419076,3.40329027,3.41460013,0,-0.845968187,0.977612078,5a059bd6003344d2,699a7421b0d043cb,699a7421b0d043cb,699a7421b0d043cb
development,policy,simple,42,64,brake,2,brake,True,2.6580739,2.65815425,8.034706115722656e-05,3.0226624717149727e-05,0,True,2.71395159,2.50786066,2.91542053,0,-0.0734794959,0.0187980719,22f80e672090a9ce,e850671bcfde074a,e850671bcfde074a,e850671bcfde074a
development,policy,simple,42,128,brake,2,brake,True,2.76753378,2.76981211,0.0022783279418945312,0.0008225565602479626,0,True,2.25723028,2.27735686,2.78607035,0,0.318721682,-0.48138842,da27e745683e4f53,0c711ae3f9f3b369,0c711ae3f9f3b369,0c711ae3f9f3b369
development,policy,simple,42,192,brake,2,brake,True,2.49924922,2.49920225,-4.696846008300781e-05,-1.8793373470545855e-05,0.00023293495178222656,False,2.17764926,2.07381463,2.70336008,0,0.119604051,-0.243581042,9c8cdea6eb7a57ff,dcd3d16c62086ffe,dcd3d16c62086ffe,dcd3d16c62086ffe
development,policy,simple,42,256,brake,2,brake,True,2.48761845,2.48777819,0.00015974044799804688,6.421005885318999e-05,0,True,2.52352881,2.42606282,2.67390823,0,0.116683282,-0.259423643,97aa74ce2dd6741a,3b69fad23bd96b11,3b69fad23bd96b11,3b69fad23bd96b11
development,policy,simple,42,320,brake,2,brake,True,2.32250333,2.32250333,0,0,0,True,2.70349121,2.63513374,2.63916898,0,-0.204216272,0.127475202,3f970d7ea56cfa3c,56a5f9d2ea3b5dce,56a5f9d2ea3b5dce,56a5f9d2ea3b5dce
development,policy,simple,42,384,brake,2,brake,True,2.29252529,2.29252529,0,0,0,True,2.17337084,2.11616397,2.62273121,0,0.562986493,-0.825815499,68a19e91fdce08a1,47a384cf507082c6,47a384cf507082c6,47a384cf507082c6
development,policy,simple,42,448,brake,2,brake,True,2.3943224,2.3943224,0,0,0,True,2.34458208,2.24552608,2.59016991,0,0.560334086,-0.834485173,42646f18bcbe8253,b1a8d3ccf9a763d1,b1a8d3ccf9a763d1,b1a8d3ccf9a763d1
development,policy,simple,73,1,brake,2,brake,True,3.57550812,3.56387067,-0.011637449264526367,-0.003265395150918621,0.02259087562561035,False,4.46375465,2.98476958,3.34457302,0,-0.875574231,1.01494443,5572b18f72f68b8a,666aab9233109c56,666aab9233109c56,666aab9233109c56
development,policy,simple,73,64,brake,2,brake,True,2.66054916,2.66046715,-8.20159912109375e-05,-3.082765387660116e-05,8.20159912109375e-05,False,2.86655617,2.61907315,2.8176446,0,-0.206678852,0.186825067,36330f5dafe7e337,084bb1beda6ecb75,084bb1beda6ecb75,084bb1beda6ecb75
development,policy,simple,73,128,brake,2,brake,True,2.30494452,2.30493784,-6.67572021484375e-06,-2.896267831674245e-06,0.00011348724365234375,False,2.48326731,2.50002766,2.73043227,0,-0.0551668108,-0.0153367594,2ef51483bb250b39,3468ca4b30e4636a,3468ca4b30e4636a,3468ca4b30e4636a
development,policy,simple,73,192,brake,2,brake,True,2.42422962,2.42572141,0.0014917850494384766,0.0006149858883986632,0,True,2.44105625,2.35800529,2.6680038,0,0.0835657045,-0.203236341,13f457b17af52dd0,d2d4b4b1444911b7,d2d4b4b1444911b7,d2d4b4b1444911b7
development,policy,simple,73,256,brake,2,brake,True,2.41349649,2.41353273,3.62396240234375e-05,1.5015171950639993e-05,0,True,2.30159211,2.2506268,2.63678765,0,0.0936475247,-0.2248144,1a2f7a0929cc1ab4,9d2818d72acde4a6,9d2818d72acde4a6,9d2818d72acde4a6
development,policy,simple,73,320,brake,2,brake,True,2.68799233,2.68799233,0,0,3.5762786865234375e-06,False,2.30821133,2.24639392,2.59503293,0,0.220977858,-0.39388746,2327c4b4a1964a84,afd280b3a04e4394,afd280b3a04e4394,afd280b3a04e4394
development,policy,simple,73,384,brake,2,brake,True,2.48626566,2.48626566,0,0,0,True,2.55758333,2.5044353,2.58579612,0,0.272482455,-0.473596245,c7fb303f40279ba1,273b60f413914728,273b60f413914728,273b60f413914728
development,policy,simple,73,448,brake,2,brake,True,2.44462919,2.44462919,0,0,0,True,2.41939783,2.34659791,2.58407664,0,0.565262616,-0.842740536,bdb61329767ff36e,102049a52e8865bb,102049a52e8865bb,102049a52e8865bb
development,policy,hevlm,42,1,brake,2,brake,True,2.15147543,2.14229369,-0.009181737899780273,-0.004285935980531326,0.017403841018676758,False,3.65868831,1.95585537,2.12842512,0,-0.905270815,1.05239165,5ae39c1f30b7f5da,699a7421b0d043cb,699a7421b0d043cb,699a7421b0d043cb
development,policy,hevlm,42,64,brake,2,brake,True,1.71886444,1.71865809,-0.00020635128021240234,-0.00012006527731796725,0.00020635128021240234,False,1.77696288,1.61362755,1.62658119,0,-0.0853912905,0.0449491553,82ff2365c46c4c06,0be8359c942c0d89,0be8359c942c0d89,0be8359c942c0d89
development,policy,hevlm,42,128,brake,2,brake,True,1.60297728,1.6034627,0.00048542022705078125,0.00030273228401670236,0,True,1.55793643,1.50269759,1.57689095,0,0.178471103,-0.3033216,1f8b6bcf30117b93,0d2a511879540f9d,0d2a511879540f9d,0d2a511879540f9d
development,policy,hevlm,42,192,brake,2,brake,True,1.63511753,1.63537288,0.00025534629821777344,0.0001561394013871025,0,True,1.66068757,1.58448589,1.58711672,0,-0.0115479631,-0.0875238031,24e61860ff589686,6aefb3d2279b22e8,6aefb3d2279b22e8,6aefb3d2279b22e8
development,policy,hevlm,42,256,brake,2,brake,True,1.55338383,1.55338383,0,0,1.2516975402832031e-05,False,1.60741508,1.58689201,1.56106365,0,0.170053586,-0.329475224,a1a3c4266cad11db,cf51bebdbfebdf2d,cf51bebdbfebdf2d,cf51bebdbfebdf2d
development,policy,hevlm,42,320,brake,2,brake,True,1.57220864,1.57220864,0,0,3.5762786865234375e-07,False,1.52377772,1.51297128,1.56945753,0,0.418963581,-0.650756657,159681d1a0a0797b,260d78aa84b90eb0,260d78aa84b90eb0,260d78aa84b90eb0
development,policy,hevlm,42,384,brake,2,brake,True,1.56277907,1.56277907,0,0,1.6927719116210938e-05,False,1.46565151,1.42583477,1.57388055,0,0.472957671,-0.726011753,26f999a84cc4b6fc,a0322abe7fde62ea,a0322abe7fde62ea,a0322abe7fde62ea
development,policy,hevlm,42,448,brake,2,brake,True,1.63503289,1.63503289,0,0,0,True,1.47575784,1.4264704,1.57436168,0,0.634120405,-0.934875071,9ad71073631cae1f,18d4577db65f50eb,18d4577db65f50eb,18d4577db65f50eb
development,policy,hevlm,73,1,brake,2,brake,True,2.17373157,2.16273999,-0.010991573333740234,-0.0050822421055863355,0.021088838577270508,False,3.58802152,1.79088354,2.14774632,0,-0.902964294,1.04948306,79a492ce9509d387,666aab9233109c56,666aab9233109c56,666aab9233109c56
development,policy,hevlm,73,64,brake,2,brake,True,1.6388514,1.63961279,0.0007613897323608398,0.00046437138744690495,0,True,1.62391865,1.59380662,1.64500034,0,0.0167095028,-0.080269821,cd559fc27593e142,e97494cb9843dd5b,e97494cb9843dd5b,e97494cb9843dd5b
development,policy,hevlm,73,128,brake,2,brake,True,1.62007034,1.62005377,-1.6570091247558594e-05,-1.0228105600651505e-05,1.6570091247558594e-05,False,1.59147549,1.48903871,1.58592308,0,-0.0585769489,-0.00947630405,ed9505d02209e0b2,831cac2d9a2be7f4,831cac2d9a2be7f4,831cac2d9a2be7f4
development,policy,hevlm,73,192,brake,2,brake,True,1.62299919,1.62311637,0.00011718273162841797,7.219609222621549e-05,0,True,1.61025977,1.55082238,1.59624946,0,0.00534351729,-0.108657919,9155a527e755e141,2313a487f7a2367b,2313a487f7a2367b,2313a487f7a2367b
development,policy,hevlm,73,256,brake,2,brake,True,1.62029111,1.62029111,0,0,2.2172927856445312e-05,False,1.57345307,1.55026472,1.58267713,0,0.226130083,-0.399956018,7083329a9da2f1a6,1bc7c68346f0a6f0,1bc7c68346f0a6f0,1bc7c68346f0a6f0
development,policy,hevlm,73,320,brake,2,brake,True,1.61026573,1.61026573,0,0,0,True,1.48332083,1.48786938,1.58889651,0,0.33791557,-0.549858093,059497fe8d935ccd,991b5f26bc6d24af,991b5f26bc6d24af,991b5f26bc6d24af
development,policy,hevlm,73,384,brake,2,brake,True,1.58107626,1.58107626,0,0,0,True,1.64441621,1.60308003,1.57132196,0,0.407373756,-0.651471853,5cc98045e98a46d4,2f7d9eaa1fe469b9,2f7d9eaa1fe469b9,2f7d9eaa1fe469b9
development,policy,hevlm,73,448,brake,2,brake,True,1.57298994,1.57298994,0,0,0,True,1.59875178,1.6095984,1.57519972,0,0.536410391,-0.818570733,ea32615c82a0e656,1e05bf024505e741,1e05bf024505e741,1e05bf024505e741
development,policy,simple,42,1,push,3,push,True,3.35486722,3.36701369,0.012146472930908203,0.0036074903256824832,0,True,3.88750243,3.38615203,3.39230251,0,-0.845968187,0.977612078,5a059bd6003344d2,699a7421b0d043cb,699a7421b0d043cb,699a7421b0d043cb
development,policy,simple,42,64,push,3,push,True,2.65815425,2.65815425,0,0,8.034706115722656e-05,False,2.71221876,2.5066781,2.91558766,0,-0.0734794959,0.0187980719,22f80e672090a9ce,e850671bcfde074a,e850671bcfde074a,e850671bcfde074a
development,policy,simple,42,128,push,3,push,True,2.77027822,2.76981211,-0.0004661083221435547,-0.00016828150641322383,0.002744436264038086,False,2.25415921,2.27629566,2.78777289,0,0.318721682,-0.48138842,da27e745683e4f53,0c711ae3f9f3b369,0c711ae3f9f3b369,0c711ae3f9f3b369
development,policy,simple,42,192,push,3,push,True,2.49901628,2.49920225,0.00018596649169921875,7.441031120317648e-05,0,True,2.17637348,2.07030368,2.7046206,0,0.119604051,-0.243581042,9c8cdea6eb7a57ff,dcd3d16c62086ffe,dcd3d16c62086ffe,dcd3d16c62086ffe
development,policy,simple,42,256,push,3,push,True,2.48792458,2.48777819,-0.00014638900756835938,-5.8843247963968144e-05,0.00030612945556640625,False,2.52275276,2.42049193,2.674438,0,0.116683282,-0.259423643,97aa74ce2dd6741a,3b69fad23bd96b11,3b69fad23bd96b11,3b69fad23bd96b11
development,policy,simple,42,320,push,3,push,True,2.32252431,2.32250333,-2.09808349609375e-05,-9.033711888099578e-06,2.09808349609375e-05,False,2.70320868,2.63490319,2.6391778,0,-0.204216272,0.127475202,3f970d7ea56cfa3c,56a5f9d2ea3b5dce,56a5f9d2ea3b5dce,56a5f9d2ea3b5dce
development,policy,simple,42,384,push,3,push,True,2.2925384,2.29252529,-1.3113021850585938e-05,-5.7199003123898125e-06,1.3113021850585938e-05,False,2.1731658,2.11599493,2.62272811,0,0.562986493,-0.825815499,68a19e91fdce08a1,47a384cf507082c6,47a384cf507082c6,47a384cf507082c6
development,policy,simple,42,448,push,3,push,True,2.39435101,2.3943224,-2.86102294921875e-05,-1.1949191804270665e-05,2.86102294921875e-05,False,2.34420419,2.24528646,2.59018922,0,0.560334086,-0.834485173,42646f18bcbe8253,b1a8d3ccf9a763d1,b1a8d3ccf9a763d1,b1a8d3ccf9a763d1
development,policy,simple,73,1,push,3,push,True,3.55291724,3.56387067,0.010953426361083984,0.0030734626216119987,0,True,4.42073107,2.95940876,3.32271814,0,-0.875574231,1.01494443,5572b18f72f68b8a,666aab9233109c56,666aab9233109c56,666aab9233109c56
development,policy,simple,73,64,push,3,push,True,2.66046715,2.66046715,0,0,0,True,2.86479378,2.61846304,2.81766033,0,-0.206678852,0.186825067,36330f5dafe7e337,084bb1beda6ecb75,084bb1beda6ecb75,084bb1beda6ecb75
development,policy,simple,73,128,push,3,push,True,2.30483103,2.30493784,0.0001068115234375,4.634028530678792e-05,0,True,2.4810183,2.4980514,2.73208857,0,-0.0551668108,-0.0153367594,2ef51483bb250b39,3468ca4b30e4636a,3468ca4b30e4636a,3468ca4b30e4636a
development,policy,simple,73,192,push,3,push,True,2.42735314,2.42572141,-0.0016317367553710938,-0.0006726807447978984,0.0031235218048095703,False,2.43942761,2.35511589,2.67236805,0,0.0835657045,-0.203236341,13f457b17af52dd0,d2d4b4b1444911b7,d2d4b4b1444911b7,d2d4b4b1444911b7
development,policy,simple,73,256,push,3,push,True,2.41418958,2.41353273,-0.0006568431854248047,-0.0002721499916053499,0.0006930828094482422,False,2.30098295,2.24933147,2.63724637,0,0.0936475247,-0.2248144,1a2f7a0929cc1ab4,9d2818d72acde4a6,9d2818d72acde4a6,9d2818d72acde4a6
development,policy,simple,73,320,push,3,push,True,2.68798876,2.68799233,3.5762786865234375e-06,1.3304641201304014e-06,0,True,2.30802298,2.24623585,2.59503722,0,0.220977858,-0.39388746,2327c4b4a1964a84,afd280b3a04e4394,afd280b3a04e4394,afd280b3a04e4394
development,policy,simple,73,384,push,3,push,True,2.48627567,2.48626566,-1.0013580322265625e-05,-4.027556853034792e-06,1.0013580322265625e-05,False,2.55730748,2.50422144,2.58580947,0,0.272482455,-0.473596245,c7fb303f40279ba1,273b60f413914728,273b60f413914728,273b60f413914728
development,policy,simple,73,448,push,3,push,True,2.44465709,2.44462919,-2.7894973754882812e-05,-1.1410713097690022e-05,2.7894973754882812e-05,False,2.41914654,2.34645104,2.58410716,0,0.565262616,-0.842740536,bdb61329767ff36e,102049a52e8865bb,102049a52e8865bb,102049a52e8865bb
development,policy,hevlm,42,1,push,3,push,True,2.13407159,2.14229369,0.008222103118896484,0.0038379888401911997,0,True,3.57624364,1.94148099,2.11514854,0,-0.905270815,1.05239165,5ae39c1f30b7f5da,699a7421b0d043cb,699a7421b0d043cb,699a7421b0d043cb
development,policy,hevlm,42,64,push,3,push,True,1.71870065,1.71865809,-4.2557716369628906e-05,-2.4762162913064303e-05,4.2557716369628906e-05,False,1.77359605,1.61285686,1.62762249,0,-0.0853912905,0.0449491553,82ff2365c46c4c06,0be8359c942c0d89,0be8359c942c0d89,0be8359c942c0d89
development,policy,hevlm,42,128,push,3,push,True,1.60437047,1.6034627,-0.0009077787399291992,-0.0005661361352620797,0.0013931989669799805,False,1.55715656,1.50147951,1.57840502,0,0.178471103,-0.3033216,1f8b6bcf30117b93,0d2a511879540f9d,0d2a511879540f9d,0d2a511879540f9d
development,policy,hevlm,42,192,push,3,push,True,1.63565195,1.63537288,-0.0002790689468383789,-0.0001706453495085,0.0005344152450561523,False,1.6600455,1.58181119,1.58801115,0,-0.0115479631,-0.0875238031,24e61860ff589686,6aefb3d2279b22e8,6aefb3d2279b22e8,6aefb3d2279b22e8
development,policy,hevlm,42,256,push,3,push,True,1.55337131,1.55338383,1.2516975402832031e-05,8.057871548364317e-06,0,True,1.60729134,1.58682537,1.56106067,0,0.170053586,-0.329475224,a1a3c4266cad11db,cf51bebdbfebdf2d,cf51bebdbfebdf2d,cf51bebdbfebdf2d
development,policy,hevlm,42,320,push,3,push,True,1.57220829,1.57220864,3.5762786865234375e-07,2.2746830885678183e-07,0,True,1.52365446,1.51289439,1.56946325,0,0.418963581,-0.650756657,159681d1a0a0797b,260d78aa84b90eb0,260d78aa84b90eb0,260d78aa84b90eb0
development,policy,hevlm,42,384,push,3,push,True,1.56276214,1.56277907,1.6927719116210938e-05,1.0831798698084609e-05,0,True,1.46546876,1.42577457,1.57388258,0,0.472957671,-0.726011753,26f999a84cc4b6fc,a0322abe7fde62ea,a0322abe7fde62ea,a0322abe7fde62ea
development,policy,hevlm,42,448,push,3,push,True,1.63503897,1.63503289,-6.079673767089844e-06,-3.7183778244549866e-06,6.079673767089844e-06,False,1.47565007,1.42643809,1.57436383,0,0.634120405,-0.934875071,9ad71073631cae1f,18d4577db65f50eb,18d4577db65f50eb,18d4577db65f50eb
development,policy,hevlm,73,1,push,3,push,True,2.15264273,2.16273999,0.010097265243530273,0.004668735313298488,0,True,3.50295591,1.76896906,2.13152337,0,-0.902964294,1.04948306,79a492ce9509d387,666aab9233109c56,666aab9233109c56,666aab9233109c56
development,policy,hevlm,73,64,push,3,push,True,1.6395812,1.63961279,3.159046173095703e-05,1.9267013883424114e-05,0.0007297992706298828,False,1.62168157,1.59351575,1.64558947,0,0.0167095028,-0.080269821,cd559fc27593e142,e97494cb9843dd5b,e97494cb9843dd5b,e97494cb9843dd5b
development,policy,hevlm,73,128,push,3,push,True,1.62026298,1.62005377,-0.0002092123031616211,-0.00012913903114491646,0.0002092123031616211,False,1.58965278,1.48746014,1.58611834,0,-0.0585769489,-0.00947630405,ed9505d02209e0b2,831cac2d9a2be7f4,831cac2d9a2be7f4,831cac2d9a2be7f4
development,policy,hevlm,73,192,push,3,push,True,1.623541,1.62311637,-0.0004246234893798828,-0.00026160984792449597,0.0005418062210083008,False,1.60979867,1.54915094,1.59618998,0,0.00534351729,-0.108657919,9155a527e755e141,2313a487f7a2367b,2313a487f7a2367b,2313a487f7a2367b
development,policy,hevlm,73,256,push,3,push,True,1.62026894,1.62029111,2.2172927856445312e-05,1.3684524948845562e-05,0,True,1.57330704,1.55015862,1.58267105,0,0.226130083,-0.399956018,7083329a9da2f1a6,1bc7c68346f0a6f0,1bc7c68346f0a6f0,1bc7c68346f0a6f0
development,policy,hevlm,73,320,push,3,push,True,1.61028779,1.61026573,-2.205371856689453e-05,-1.3695692850888414e-05,2.205371856689453e-05,False,1.48324025,1.4877708,1.58890116,0,0.33791557,-0.549858093,059497fe8d935ccd,991b5f26bc6d24af,991b5f26bc6d24af,991b5f26bc6d24af
development,policy,hevlm,73,384,push,3,push,True,1.58110166,1.58107626,-2.5391578674316406e-05,-1.605966972414266e-05,2.5391578674316406e-05,False,1.64423656,1.60296679,1.57131767,0,0.407373756,-0.651471853,5cc98045e98a46d4,2f7d9eaa1fe469b9,2f7d9eaa1fe469b9,2f7d9eaa1fe469b9
development,policy,hevlm,73,448,push,3,push,True,1.57299447,1.57298994,-4.5299530029296875e-06,-2.8798341337408214e-06,4.5299530029296875e-06,False,1.59868872,1.60955238,1.57520604,0,0.536410391,-0.818570733,ea32615c82a0e656,1e05bf024505e741,1e05bf024505e741,1e05bf024505e741
evaluation,hold,simple,701,1,parent,3,push,False,3.2967391,3.31548738,0.01874828338623047,0.005654757673772768,0,True,4.44725895,3.15048456,3.47686577,0,-0.880210042,1.0207901,e439332c4a50c48e,220faa13ab59d418,8d6fc088ba456746,220faa13ab59d418
evaluation,hold,simple,701,64,parent,3,push,False,2.8861649,2.8861649,0,0,0.001451730728149414,False,3.24864411,2.99787951,2.94501162,0,-0.616244078,0.693842053,45f7a7e62bc3cc81,51943ab5f632507d,8d6fc088ba456746,51943ab5f632507d
evaluation,hold,simple,701,128,parent,1,hold,False,2.55205226,2.55205226,0,0,0.0011739730834960938,False,2.52689028,2.38582325,2.79249144,0,-0.024420727,-0.0542423651,36d7fa631efce8cf,e819bbf6370cf376,8d6fc088ba456746,e819bbf6370cf376
evaluation,hold,simple,701,192,parent,2,brake,False,2.39076066,2.39081264,5.1975250244140625e-05,2.173956575873882e-05,0,True,2.33183408,2.23024607,2.72221184,0,0.0721729174,-0.186585203,9d9f07919ab29267,73c7e4140fc4f45e,8d6fc088ba456746,73c7e4140fc4f45e
evaluation,hold,simple,701,256,parent,1,hold,False,2.46855116,2.46855116,0,0,0.0004363059997558594,False,2.62571836,2.54554033,2.69875169,0,-0.0408913344,-0.0636626258,c87a9a05197ad876,8e1e10cbfe1d9fea,8d6fc088ba456746,8e1e10cbfe1d9fea
evaluation,hold,simple,701,320,parent,2,brake,False,2.44841528,2.44841528,0,0,0,True,2.19148731,2.13969588,2.65468502,0,0.356927335,-0.561073422,226627ad244580c2,bf33f170758a3115,8d6fc088ba456746,bf33f170758a3115
evaluation,hold,simple,701,384,parent,2,brake,False,2.50499129,2.50499129,0,0,0,True,2.55367899,2.49987435,2.64957047,0,0.216932252,-0.404569715,2c8cea8304834b2e,b648adc082ea4a1a,8d6fc088ba456746,b648adc082ea4a1a
evaluation,hold,simple,701,448,parent,2,brake,False,2.45245123,2.45245123,0,0,0.00036907196044921875,False,1.91626692,1.87467027,2.62840104,0,0.832860827,-1.16319454,fd7f711528a2288b,d14bc524bb813180,8d6fc088ba456746,d14bc524bb813180
evaluation,hold,simple,907,1,parent,3,push,False,3.50737071,3.51690292,0.00953221321105957,0.0027103990948224546,0,True,4.02100563,3.2062974,3.46428061,0,-0.852778673,0.986199915,611ce049b5ce1913,57b7a9d4736b101a,8d6fc088ba456746,57b7a9d4736b101a
evaluation,hold,simple,907,64,parent,3,push,False,2.65241957,2.65239882,-2.0742416381835938e-05,-7.820244967874085e-06,0.0006875991821289062,False,3.01862407,2.81464219,2.89933133,0,-0.384877414,0.403651208,73778c80b91fe13f,73b445c9ed7e4da7,8d6fc088ba456746,73b445c9ed7e4da7
evaluation,hold,simple,907,128,parent,2,brake,False,2.80507898,2.80607414,0.0009951591491699219,0.0003546445118710882,0,True,2.50448132,2.32504511,2.86671686,0,0.00418520626,-0.0926198587,f1887855532c294a,18ec68fcc898e08d,8d6fc088ba456746,18ec68fcc898e08d
evaluation,hold,simple,907,192,parent,2,brake,False,2.53698921,2.53719568,0.00020647048950195312,8.137740795736162e-05,0,True,2.84356594,2.67125511,2.72229338,0,0.166202843,-0.316758126,6fdb47cc9ecdbc8a,da640b660ba12059,8d6fc088ba456746,da640b660ba12059
evaluation,hold,simple,907,256,parent,2,brake,False,3.11153793,3.11208558,0.0005476474761962891,0.0001759743702410003,0,True,2.50133467,2.41491127,2.69319129,0,0.0684461743,-0.197489873,0738527288fb4bdd,f2dc5405aa677407,8d6fc088ba456746,f2dc5405aa677407
evaluation,hold,simple,907,320,parent,3,push,False,2.40989637,2.40949965,-0.000396728515625,-0.00016465175737133314,0.000396728515625,False,2.97612834,2.8983674,2.6523664,0,-0.203017682,0.12107043,368dfb070cb93665,4541b048c625cd4d,8d6fc088ba456746,4541b048c625cd4d
evaluation,hold,simple,907,384,parent,2,brake,False,2.37093854,2.37093854,0,0,0,True,2.18038034,2.09949875,2.62647605,0,0.544133425,-0.802834034,2cac4fe9fa91239d,64f460f8770e4620,8d6fc088ba456746,64f460f8770e4620
evaluation,hold,simple,907,448,parent,2,brake,False,3.00855279,3.00855279,0,0,0,True,2.58425832,2.5078814,2.60839224,0,0.363389939,-0.595157623,30b1c492b9955f3d,e42628b92bc7966a,8d6fc088ba456746,e42628b92bc7966a
evaluation,hold,hevlm,701,1,parent,3,push,False,2.31896734,2.33193636,0.012969017028808594,0.0055614774455668885,0,True,3.97492361,2.12186265,2.33177519,0,-0.915527403,1.06532526,98d8309ec07617f0,220faa13ab59d418,8d6fc088ba456746,220faa13ab59d418
evaluation,hold,hevlm,701,64,parent,1,hold,False,1.60015512,1.60015512,0,0,0.005907535552978516,False,1.59237719,1.54637218,1.66012359,0,-0.000870141666,-0.0555168428,6acba3608814b5fd,26775fcb66ae4656,8d6fc088ba456746,26775fcb66ae4656
evaluation,hold,hevlm,701,128,parent,2,brake,False,1.5884074,1.58936131,0.0009539127349853516,0.0006001858286058374,0,True,1.54981148,1.48365283,1.60116863,0,0.135526776,-0.248089224,9350c8521a5711d7,f674170b7f756520,8d6fc088ba456746,f674170b7f756520
evaluation,hold,hevlm,701,192,parent,2,brake,False,1.65713668,1.65764928,0.0005125999450683594,0.0003092328651425107,0,True,1.61294878,1.57966304,1.56910586,0,0.109723747,-0.237981111,8b01d7992e92e785,f6a865c3d4ee3ecf,8d6fc088ba456746,f6a865c3d4ee3ecf
evaluation,hold,hevlm,701,256,parent,2,brake,False,1.56716084,1.56716084,0,0,0,True,1.51841378,1.50606549,1.57978821,0,0.273812413,-0.456849992,4c4ac954f566d794,3743adb5f2aec050,8d6fc088ba456746,3743adb5f2aec050
evaluation,hold,hevlm,701,320,parent,2,brake,False,1.54441619,1.54441619,0,0,0,True,1.54964721,1.53877902,1.56178975,0,0.394992113,-0.622264683,8af82447589cde2f,ed346dbe56821115,8d6fc088ba456746,ed346dbe56821115
evaluation,hold,hevlm,701,384,parent,2,brake,False,1.60390687,1.60390687,0,0,0,True,1.68354571,1.60525191,1.57346582,0,0.281591088,-0.495432943,185c4711930143a2,5202b9b08d12fc61,8d6fc088ba456746,5202b9b08d12fc61
evaluation,hold,hevlm,701,448,parent,2,brake,False,1.65001023,1.65001023,0,0,0,True,1.52330852,1.49902904,1.57196367,0,0.651630878,-0.959061146,f5450aa19d9473ae,4a4af2c8e3d58944,8d6fc088ba456746,4a4af2c8e3d58944
evaluation,hold,hevlm,907,1,parent,3,push,False,2.19360304,2.20163679,0.00803375244140625,0.0036489891631632724,0,True,3.58003783,2.16842294,2.21113038,0,-0.898985505,1.0444659,ad11ab744e791f36,57b7a9d4736b101a,8d6fc088ba456746,57b7a9d4736b101a
evaluation,hold,hevlm,907,64,parent,3,push,False,1.66894293,1.66894412,1.1920928955078125e-06,7.14279265945561e-07,0,True,1.64163101,1.53652287,1.6501056,0,-0.0750905946,0.034578111,81f3e7dae931058a,517d73bb650d1ad6,8d6fc088ba456746,517d73bb650d1ad6
evaluation,hold,hevlm,907,128,parent,2,brake,False,1.53757811,1.53713822,-0.0004398822784423828,-0.00028616944495009133,0.0008025169372558594,False,1.50157046,1.45742071,1.65623653,0,0.0130193923,-0.0956134796,1a58c77a374f0988,18936c50d652617e,8d6fc088ba456746,18936c50d652617e
evaluation,hold,hevlm,907,192,parent,2,brake,False,1.53615499,1.53662121,0.00046622753143310547,0.0003034106415364292,0,True,1.58673227,1.54632795,1.58070338,0,0.0275751669,-0.13576062,fbc4ba50d235c8ce,7a62fa945b608b06,8d6fc088ba456746,7a62fa945b608b06
evaluation,hold,hevlm,907,256,parent,2,brake,False,1.52553821,1.52553821,0,0,0.0001252889633178711,False,1.56299019,1.51935482,1.57634044,0,0.170350462,-0.329767197,672304eadb1ef400,9f01d7322f33dc45,8d6fc088ba456746,9f01d7322f33dc45
evaluation,hold,hevlm,907,320,parent,2,brake,False,1.61946297,1.61946297,0,0,0,True,1.56538141,1.53382027,1.57838261,0,0.275102854,-0.473589391,b310d719c9aa664b,8836f71c25643837,8d6fc088ba456746,8836f71c25643837
evaluation,hold,hevlm,907,384,parent,2,brake,False,1.56582713,1.56582713,0,0,0.0002727508544921875,False,1.56129789,1.547122,1.58721626,0,0.574730039,-0.856660008,a6d7cab3411327db,81bb178da148aeaa,8d6fc088ba456746,81bb178da148aeaa
evaluation,hold,hevlm,907,448,parent,2,brake,False,1.56041813,1.56041813,0,0,0,True,1.57702005,1.57445478,1.58269179,0,0.593714178,-0.888193429,0fbc62e8b996d55f,18577103508b4c24,8d6fc088ba456746,18577103508b4c24
evaluation,hold,simple,701,1,lived-hold,3,push,False,3.2967391,3.31548738,0.01874828338623047,0.005654757673772768,0,True,4.44725895,3.15048456,3.47686577,0,-0.832466483,0.975309134,e439332c4a50c48e,220faa13ab59d418,9be4ed87c7f394ea,a303827ac50d52dd
evaluation,hold,simple,701,64,lived-hold,3,push,False,2.8861649,2.8861649,0,0,0.001451730728149414,False,3.24864411,2.99787951,2.94501162,0,-0.185828581,0.841512442,45f7a7e62bc3cc81,51943ab5f632507d,9be4ed87c7f394ea,040fe77c7e69594c
evaluation,hold,simple,701,128,lived-hold,2,brake,False,2.55087829,2.55205226,0.0011739730834960938,0.00046001120045249854,0,True,2.52840734,2.38654208,2.79071665,0,0.328849584,-0.206149787,36d7fa631efce8cf,e819bbf6370cf376,9be4ed87c7f394ea,6e82b208cbf4542f
evaluation,hold,simple,701,192,lived-hold,2,brake,False,2.39076066,2.39081264,5.1975250244140625e-05,2.173956575873882e-05,0,True,2.33183408,2.23024607,2.72221184,0,0.305506766,-0.490619749,9d9f07919ab29267,73c7e4140fc4f45e,9be4ed87c7f394ea,3a6b942dbc13ca5b
evaluation,hold,simple,701,256,lived-hold,1,hold,False,2.46855116,2.46855116,0,0,0.0004363059997558594,False,2.62571836,2.54554033,2.69875169,0,-0.0668856278,-0.340768248,c87a9a05197ad876,8e1e10cbfe1d9fea,9be4ed87c7f394ea,0918e0e9879b7eb7
evaluation,hold,simple,701,320,lived-hold,2,brake,False,2.44841528,2.44841528,0,0,0,True,2.19148731,2.13969588,2.65468502,0,0.280427903,-0.934826553,226627ad244580c2,bf33f170758a3115,9be4ed87c7f394ea,a1f0c0fca40a63b8
evaluation,hold,simple,701,384,lived-hold,1,hold,False,2.50499129,2.50499129,0,0,0,True,2.55367899,2.49987435,2.64957047,0,-0.0848925784,-0.554031968,2c8cea8304834b2e,b648adc082ea4a1a,9be4ed87c7f394ea,b766a7542cbe2143
evaluation,hold,simple,701,448,lived-hold,2,brake,False,2.45245123,2.45245123,0,0,0.00036907196044921875,False,1.91626692,1.87467027,2.62840104,0,0.469264328,-1.38720942,fd7f711528a2288b,d14bc524bb813180,9be4ed87c7f394ea,86632aac8820ee8d
evaluation,hold,simple,907,1,lived-hold,3,push,False,3.50737071,3.51690292,0.00953221321105957,0.0027103990948224546,0,True,4.02100563,3.2062974,3.46428061,0,-0.808225632,0.945800364,611ce049b5ce1913,57b7a9d4736b101a,9be4ed87c7f394ea,0b40b20254209b03
evaluation,hold,simple,907,64,lived-hold,3,push,False,2.65241957,2.65239882,-2.0742416381835938e-05,-7.820244967874085e-06,0.0006875991821289062,False,3.01862407,2.81464219,2.89933133,0,-0.0263755675,0.478799433,73778c80b91fe13f,73b445c9ed7e4da7,9be4ed87c7f394ea,3dc2988b7e64ca2e
evaluation,hold,simple,907,128,lived-hold,2,brake,False,2.80507898,2.80607414,0.0009951591491699219,0.0003546445118710882,0,True,2.50448132,2.32504511,2.86671686,0,0.265073657,-0.16019851,f1887855532c294a,18ec68fcc898e08d,9be4ed87c7f394ea,2699ac2a9fd027cc
evaluation,hold,simple,907,192,lived-hold,1,hold,False,2.53719568,2.53719568,0,0,0.00020647048950195312,False,2.84266686,2.66704512,2.7227006,0,-0.0530731678,-0.350096941,6fdb47cc9ecdbc8a,da640b660ba12059,9be4ed87c7f394ea,ccb4749a717429d8
evaluation,hold,simple,907,256,lived-hold,2,brake,False,3.11153793,3.11208558,0.0005476474761962891,0.0001759743702410003,0,True,2.50133467,2.41491127,2.69319129,0,0.0690775365,-0.51122278,0738527288fb4bdd,f2dc5405aa677407,9be4ed87c7f394ea,ea1eeaaba746deca
evaluation,hold,simple,907,320,lived-hold,3,push,False,2.40989637,2.40949965,-0.000396728515625,-0.00016465175737133314,0.000396728515625,False,2.97612834,2.8983674,2.6523664,0,-0.480014205,0.100503318,368dfb070cb93665,4541b048c625cd4d,9be4ed87c7f394ea,b3aca432978a69d8
evaluation,hold,simple,907,384,lived-hold,2,brake,False,2.37093854,2.37093854,0,0,0,True,2.18038034,2.09949875,2.62647605,0,0.284845531,-1.0768913,2cac4fe9fa91239d,64f460f8770e4620,9be4ed87c7f394ea,1974787c615c3349
evaluation,hold,simple,907,448,lived-hold,1,hold,False,3.00855279,3.00855279,0,0,0,True,2.58425832,2.5078814,2.60839224,0,-0.0806417614,-0.667543173,30b1c492b9955f3d,e42628b92bc7966a,9be4ed87c7f394ea,473d1da8eed1615b
evaluation,hold,hevlm,701,1,lived-hold,3,push,False,2.31896734,2.33193636,0.012969017028808594,0.0055614774455668885,0,True,3.97492361,2.12186265,2.33177519,0,-0.863779247,1.01349723,98d8309ec07617f0,220faa13ab59d418,9be4ed87c7f394ea,a303827ac50d52dd
evaluation,hold,hevlm,701,64,lived-hold,2,brake,False,1.59424758,1.60015512,0.005907535552978516,0.003691849499639334,0,True,1.5932709,1.54625273,1.6590358,0,1.16524172,-0.606196165,6acba3608814b5fd,26775fcb66ae4656,9be4ed87c7f394ea,59490ebf534112e7
evaluation,hold,hevlm,701,128,lived-hold,2,brake,False,1.5884074,1.58936131,0.0009539127349853516,0.0006001858286058374,0,True,1.54981148,1.48365283,1.60116863,0,0.84159112,-0.743847847,9350c8521a5711d7,f674170b7f756520,9be4ed87c7f394ea,1bf3989648278275
evaluation,hold,hevlm,701,192,lived-hold,2,brake,False,1.65713668,1.65764928,0.0005125999450683594,0.0003092328651425107,0,True,1.61294878,1.57966304,1.56910586,0,0.457115352,-0.695054054,8b01d7992e92e785,f6a865c3d4ee3ecf,9be4ed87c7f394ea,06379d54932f23b2
evaluation,hold,hevlm,701,256,lived-hold,2,brake,False,1.56716084,1.56716084,0,0,0,True,1.51841378,1.50606549,1.57978821,0,0.356966764,-0.780995369,4c4ac954f566d794,3743adb5f2aec050,9be4ed87c7f394ea,571e8402d864e40d
evaluation,hold,hevlm,701,320,lived-hold,2,brake,False,1.54441619,1.54441619,0,0,0,True,1.54964721,1.53877902,1.56178975,0,0.219186679,-0.77651006,8af82447589cde2f,ed346dbe56821115,9be4ed87c7f394ea,3d6e755fa5e2da0c
evaluation,hold,hevlm,701,384,lived-hold,1,hold,False,1.60390687,1.60390687,0,0,0,True,1.68354571,1.60525191,1.57346582,0,-0.0290927291,-0.498347163,185c4711930143a2,5202b9b08d12fc61,9be4ed87c7f394ea,119cd1b5af659154
evaluation,hold,hevlm,701,448,lived-hold,2,brake,False,1.65001023,1.65001023,0,0,0,True,1.52330852,1.49902904,1.57196367,0,0.178162962,-0.91714412,f5450aa19d9473ae,4a4af2c8e3d58944,9be4ed87c7f394ea,49b54155ba669f09
evaluation,hold,hevlm,907,1,lived-hold,3,push,False,2.19360304,2.20163679,0.00803375244140625,0.0036489891631632724,0,True,3.58003783,2.16842294,2.21113038,0,-0.849087477,0.995577812,ad11ab744e791f36,57b7a9d4736b101a,9be4ed87c7f394ea,0b40b20254209b03
evaluation,hold,hevlm,907,64,lived-hold,2,brake,False,1.67074752,1.66894412,-0.0018033981323242188,-0.0010805616735224447,0.0018045902252197266,False,1.64407849,1.53765881,1.64951622,0,1.04578066,-0.477063835,81f3e7dae931058a,517d73bb650d1ad6,9be4ed87c7f394ea,2a0b0edbe334bd9b
evaluation,hold,hevlm,907,128,lived-hold,2,brake,False,1.53757811,1.53713822,-0.0004398822784423828,-0.00028616944495009133,0.0008025169372558594,False,1.50157046,1.45742071,1.65623653,0,0.797455728,-0.615816116,1a58c77a374f0988,18936c50d652617e,9be4ed87c7f394ea,bbaa91066f02d2a3
evaluation,hold,hevlm,907,192,lived-hold,2,brake,False,1.53615499,1.53662121,0.00046622753143310547,0.0003034106415364292,0,True,1.58673227,1.54632795,1.58070338,0,0.414824635,-0.58882767,fbc4ba50d235c8ce,7a62fa945b608b06,9be4ed87c7f394ea,98af8fed9c762e2f
evaluation,hold,hevlm,907,256,lived-hold,2,brake,False,1.52553821,1.52553821,0,0,0.0001252889633178711,False,1.56299019,1.51935482,1.57634044,0,0.257575691,-0.642790139,672304eadb1ef400,9f01d7322f33dc45,9be4ed87c7f394ea,cabac815b4378eb0
evaluation,hold,hevlm,907,320,lived-hold,2,brake,False,1.61946297,1.61946297,0,0,0,True,1.56538141,1.53382027,1.57838261,0,0.148863092,-0.630688667,b310d719c9aa664b,8836f71c25643837,9be4ed87c7f394ea,f9eac8560213c452
evaluation,hold,hevlm,907,384,lived-hold,2,brake,False,1.56582713,1.56582713,0,0,0.0002727508544921875,False,1.56129789,1.547122,1.58721626,0,0.159647197,-0.877405345,a6d7cab3411327db,81bb178da148aeaa,9be4ed87c7f394ea,9b658f497f4f1243
evaluation,hold,hevlm,907,448,lived-hold,2,brake,False,1.56041813,1.56041813,0,0,0,True,1.57702005,1.57445478,1.58269179,0,0.117656134,-0.839793563,0fbc62e8b996d55f,18577103508b4c24,9be4ed87c7f394ea,4a9a73163ad00921
evaluation,hold,simple,701,1,lived-policy,3,push,False,3.2967391,3.31548738,0.01874828338623047,0.005654757673772768,0,True,4.44725895,3.15048456,3.47686577,0,-0.921059668,0.836149514,e439332c4a50c48e,220faa13ab59d418,07e8a226c3da9d87,7c1fd41a2710fd9f
evaluation,hold,simple,701,64,lived-policy,3,push,False,2.8861649,2.8861649,0,0,0.001451730728149414,False,3.24864411,2.99787951,2.94501162,0,-0.532378316,0.652626932,45f7a7e62bc3cc81,51943ab5f632507d,07e8a226c3da9d87,02deaa58809d3ab2
evaluation,hold,simple,701,128,lived-policy,2,brake,False,2.55087829,2.55205226,0.0011739730834960938,0.00046001120045249854,0,True,2.52840734,2.38654208,2.79071665,0,0.0839665309,-0.0306084622,36d7fa631efce8cf,e819bbf6370cf376,07e8a226c3da9d87,c55a4b5b38136f35
evaluation,hold,simple,701,192,lived-policy,2,brake,False,2.39076066,2.39081264,5.1975250244140625e-05,2.173956575873882e-05,0,True,2.33183408,2.23024607,2.72221184,0,0.148261204,-0.350857675,9d9f07919ab29267,73c7e4140fc4f45e,07e8a226c3da9d87,4fdecb554145d795
evaluation,hold,simple,701,256,lived-policy,1,hold,False,2.46855116,2.46855116,0,0,0.0004363059997558594,False,2.62571836,2.54554033,2.69875169,0,-0.074748233,-0.40756464,c87a9a05197ad876,8e1e10cbfe1d9fea,07e8a226c3da9d87,d62fc4edb77ae601
evaluation,hold,simple,701,320,lived-policy,2,brake,False,2.44841528,2.44841528,0,0,0,True,2.19148731,2.13969588,2.65468502,0,0.210384414,-0.663229704,226627ad244580c2,bf33f170758a3115,07e8a226c3da9d87,9331f16de0620332
evaluation,hold,simple,701,384,lived-policy,1,hold,False,2.50499129,2.50499129,0,0,0,True,2.55367899,2.49987435,2.64957047,0,-0.010432519,-0.59900707,2c8cea8304834b2e,b648adc082ea4a1a,07e8a226c3da9d87,dd20a4eba82b9815
evaluation,hold,simple,701,448,lived-policy,2,brake,False,2.45245123,2.45245123,0,0,0.00036907196044921875,False,1.91626692,1.87467027,2.62840104,0,0.458149463,-0.88107866,fd7f711528a2288b,d14bc524bb813180,07e8a226c3da9d87,aa23947bc1d032c7
evaluation,hold,simple,907,1,lived-policy,3,push,False,3.50737071,3.51690292,0.00953221321105957,0.0027103990948224546,0,True,4.02100563,3.2062974,3.46428061,0,-0.889235795,0.803520262,611ce049b5ce1913,57b7a9d4736b101a,07e8a226c3da9d87,a9e8ce10b0cf7f9d
evaluation,hold,simple,907,64,lived-policy,3,push,False,2.65241957,2.65239882,-2.0742416381835938e-05,-7.820244967874085e-06,0.0006875991821289062,False,3.01862407,2.81464219,2.89933133,0,-0.334061176,0.506026268,73778c80b91fe13f,73b445c9ed7e4da7,07e8a226c3da9d87,caafb7659272b600
evaluation,hold,simple,907,128,lived-policy,2,brake,False,2.80507898,2.80607414,0.0009951591491699219,0.0003546445118710882,0,True,2.50448132,2.32504511,2.86671686,0,0.0636217967,-0.00139110535,f1887855532c294a,18ec68fcc898e08d,07e8a226c3da9d87,ac610bc91feded66
evaluation,hold,simple,907,192,lived-policy,2,brake,False,2.53698921,2.53719568,0.00020647048950195312,8.137740795736162e-05,0,True,2.84356594,2.67125511,2.72229338,0,0.0191952363,-0.231552646,6fdb47cc9ecdbc8a,da640b660ba12059,07e8a226c3da9d87,5f5364d607d19c96
evaluation,hold,simple,907,256,lived-policy,2,brake,False,3.11153793,3.11208558,0.0005476474761962891,0.0001759743702410003,0,True,2.50133467,2.41491127,2.69319129,0,0.0268257931,-0.460273415,0738527288fb4bdd,f2dc5405aa677407,07e8a226c3da9d87,0cde215e4cab5ec0
evaluation,hold,simple,907,320,lived-policy,1,hold,False,2.40949965,2.40949965,0,0,0,True,2.97648859,2.90060234,2.65214491,0,-0.300840169,-0.3563146,368dfb070cb93665,4541b048c625cd4d,07e8a226c3da9d87,4d161385032a241a
evaluation,hold,simple,907,384,lived-policy,2,brake,False,2.37093854,2.37093854,0,0,0,True,2.18038034,2.09949875,2.62647605,0,0.270971119,-0.747013867,2cac4fe9fa91239d,64f460f8770e4620,07e8a226c3da9d87,64dc6aa6212c023f
evaluation,hold,simple,907,448,lived-policy,2,brake,False,3.00855279,3.00855279,0,0,0,True,2.58425832,2.5078814,2.60839224,0,0.0328413472,-0.674557447,30b1c492b9955f3d,e42628b92bc7966a,07e8a226c3da9d87,91c9c16f88053d71
evaluation,hold,hevlm,701,1,lived-policy,3,push,False,2.31896734,2.33193636,0.012969017028808594,0.0055614774455668885,0,True,3.97492361,2.12186265,2.33177519,0,-0.962255657,0.878458619,98d8309ec07617f0,220faa13ab59d418,07e8a226c3da9d87,7c1fd41a2710fd9f
evaluation,hold,hevlm,701,64,lived-policy,2,brake,False,1.59424758,1.60015512,0.005907535552978516,0.003691849499639334,0,True,1.5932709,1.54625273,1.6590358,0,0.487620413,-0.263686538,6acba3608814b5fd,26775fcb66ae4656,07e8a226c3da9d87,4cfb76d1627810bd
evaluation,hold,hevlm,701,128,lived-policy,2,brake,False,1.5884074,1.58936131,0.0009539127349853516,0.0006001858286058374,0,True,1.54981148,1.48365283,1.60116863,0,0.383758992,-0.475708216,9350c8521a5711d7,f674170b7f756520,07e8a226c3da9d87,2f6de9ca41595107
evaluation,hold,hevlm,701,192,lived-policy,2,brake,False,1.65713668,1.65764928,0.0005125999450683594,0.0003092328651425107,0,True,1.61294878,1.57966304,1.56910586,0,0.140572503,-0.53443265,8b01d7992e92e785,f6a865c3d4ee3ecf,07e8a226c3da9d87,5ca2980cb7df5874
evaluation,hold,hevlm,701,256,lived-policy,2,brake,False,1.56716084,1.56716084,0,0,0,True,1.51841378,1.50606549,1.57978821,0,0.130204856,-0.614609599,4c4ac954f566d794,3743adb5f2aec050,07e8a226c3da9d87,c2282e84aab7abdb
evaluation,hold,hevlm,701,320,lived-policy,2,brake,False,1.54441619,1.54441619,0,0,0,True,1.54964721,1.53877902,1.56178975,0,0.0999838561,-0.652658939,8af82447589cde2f,ed346dbe56821115,07e8a226c3da9d87,a38b53826dbe0716
evaluation,hold,hevlm,701,384,lived-policy,1,hold,False,1.60390687,1.60390687,0,0,0,True,1.68354571,1.60525191,1.57346582,0,-0.0486636572,-0.628588378,185c4711930143a2,5202b9b08d12fc61,07e8a226c3da9d87,5ba010f99b434ffa
evaluation,hold,hevlm,701,448,lived-policy,2,brake,False,1.65001023,1.65001023,0,0,0,True,1.52330852,1.49902904,1.57196367,0,0.140137285,-0.763229489,f5450aa19d9473ae,4a4af2c8e3d58944,07e8a226c3da9d87,25aad055b2930f1b
evaluation,hold,hevlm,907,1,lived-policy,3,push,False,2.19360304,2.20163679,0.00803375244140625,0.0036489891631632724,0,True,3.58003783,2.16842294,2.21113038,0,-0.942915618,0.858586311,ad11ab744e791f36,57b7a9d4736b101a,07e8a226c3da9d87,a9e8ce10b0cf7f9d
evaluation,hold,hevlm,907,64,lived-policy,2,brake,False,1.67074752,1.66894412,-0.0018033981323242188,-0.0010805616735224447,0.0018045902252197266,False,1.64407849,1.53765881,1.64951622,0,0.387077093,-0.191075444,81f3e7dae931058a,517d73bb650d1ad6,07e8a226c3da9d87,855f4f7ed5724ffd
evaluation,hold,hevlm,907,128,lived-policy,2,brake,False,1.53757811,1.53713822,-0.0004398822784423828,-0.00028616944495009133,0.0008025169372558594,False,1.50157046,1.45742071,1.65623653,0,0.302758843,-0.445370078,1a58c77a374f0988,18936c50d652617e,07e8a226c3da9d87,53f5d98e3db2c63d
evaluation,hold,hevlm,907,192,lived-policy,2,brake,False,1.53615499,1.53662121,0.00046622753143310547,0.0003034106415364292,0,True,1.58673227,1.54632795,1.58070338,0,0.0974872261,-0.509565949,fbc4ba50d235c8ce,7a62fa945b608b06,07e8a226c3da9d87,9a0ece2bd7886409
evaluation,hold,hevlm,907,256,lived-policy,2,brake,False,1.52553821,1.52553821,0,0,0.0001252889633178711,False,1.56299019,1.51935482,1.57634044,0,0.0589591414,-0.579004288,672304eadb1ef400,9f01d7322f33dc45,07e8a226c3da9d87,75c7e5f6274b32c6
evaluation,hold,hevlm,907,320,lived-policy,2,brake,False,1.61946297,1.61946297,0,0,0,True,1.56538141,1.53382027,1.57838261,0,0.0359504335,-0.62357378,b310d719c9aa664b,8836f71c25643837,07e8a226c3da9d87,416de99a2fd55480
evaluation,hold,hevlm,907,384,lived-policy,2,brake,False,1.56582713,1.56582713,0,0,0.0002727508544921875,False,1.56129789,1.547122,1.58721626,0,0.131478384,-0.713403344,a6d7cab3411327db,81bb178da148aeaa,07e8a226c3da9d87,8358fe52fbbe865d
evaluation,hold,hevlm,907,448,lived-policy,2,brake,False,1.56041813,1.56041813,0,0,0,True,1.57702005,1.57445478,1.58269179,0,0.103166595,-0.74677968,0fbc62e8b996d55f,18577103508b4c24,07e8a226c3da9d87,37a5799437ccfbeb
evaluation,hold,simple,701,1,hold,1,hold,True,3.31548738,3.31548738,0,0,0.01874828338623047,False,4.47035789,3.16635323,3.48916292,0,-0.880210042,1.0207901,e439332c4a50c48e,220faa13ab59d418,220faa13ab59d418,220faa13ab59d418
evaluation,hold,simple,701,64,hold,1,hold,True,2.8861649,2.8861649,0,0,0.001451730728149414,False,3.24864411,2.99787951,2.94501162,0,-0.616244078,0.693842053,45f7a7e62bc3cc81,51943ab5f632507d,51943ab5f632507d,51943ab5f632507d
evaluation,hold,simple,701,128,hold,1,hold,True,2.55205226,2.55205226,0,0,0.0011739730834960938,False,2.52689028,2.38582325,2.79249144,0,-0.024420727,-0.0542423651,36d7fa631efce8cf,e819bbf6370cf376,e819bbf6370cf376,e819bbf6370cf376
evaluation,hold,simple,701,192,hold,1,hold,True,2.39081264,2.39081264,0,0,5.1975250244140625e-05,False,2.33090281,2.22778749,2.72261119,0,0.0721729174,-0.186585203,9d9f07919ab29267,73c7e4140fc4f45e,73c7e4140fc4f45e,73c7e4140fc4f45e
evaluation,hold,simple,701,256,hold,1,hold,True,2.46855116,2.46855116,0,0,0.0004363059997558594,False,2.62571836,2.54554033,2.69875169,0,-0.0408913344,-0.0636626258,c87a9a05197ad876,8e1e10cbfe1d9fea,8e1e10cbfe1d9fea,8e1e10cbfe1d9fea
evaluation,hold,simple,701,320,hold,1,hold,True,2.44841528,2.44841528,0,0,0,True,2.19148731,2.13969588,2.65468502,0,0.356927335,-0.561073422,226627ad244580c2,bf33f170758a3115,bf33f170758a3115,bf33f170758a3115
evaluation,hold,simple,701,384,hold,1,hold,True,2.50499129,2.50499129,0,0,0,True,2.55367899,2.49987435,2.64957047,0,0.216932252,-0.404569715,2c8cea8304834b2e,b648adc082ea4a1a,b648adc082ea4a1a,b648adc082ea4a1a
evaluation,hold,simple,701,448,hold,1,hold,True,2.45245123,2.45245123,0,0,0.00036907196044921875,False,1.91626692,1.87467027,2.62840104,0,0.832860827,-1.16319454,fd7f711528a2288b,d14bc524bb813180,d14bc524bb813180,d14bc524bb813180
evaluation,hold,simple,907,1,hold,1,hold,True,3.51690292,3.51690292,0,0,0.00953221321105957,False,4.03680658,3.21901536,3.474612,0,-0.852778673,0.986199915,611ce049b5ce1913,57b7a9d4736b101a,57b7a9d4736b101a,57b7a9d4736b101a
evaluation,hold,simple,907,64,hold,1,hold,True,2.65239882,2.65239882,0,0,0.0006668567657470703,False,3.01867914,2.81471825,2.89928985,0,-0.384877414,0.403651208,73778c80b91fe13f,73b445c9ed7e4da7,73b445c9ed7e4da7,73b445c9ed7e4da7
evaluation,hold,simple,907,128,hold,1,hold,True,2.80607414,2.80607414,0,0,0.0009951591491699219,False,2.50329161,2.32339644,2.86811137,0,0.00418520626,-0.0926198587,f1887855532c294a,18ec68fcc898e08d,18ec68fcc898e08d,18ec68fcc898e08d
evaluation,hold,simple,907,192,hold,1,hold,True,2.53719568,2.53719568,0,0,0.00020647048950195312,False,2.84266686,2.66704512,2.7227006,0,0.166202843,-0.316758126,6fdb47cc9ecdbc8a,da640b660ba12059,da640b660ba12059,da640b660ba12059
evaluation,hold,simple,907,256,hold,1,hold,True,3.11208558,3.11208558,0,0,0.0005476474761962891,False,2.50105572,2.41345763,2.69427228,0,0.0684461743,-0.197489873,0738527288fb4bdd,f2dc5405aa677407,f2dc5405aa677407,f2dc5405aa677407
evaluation,hold,simple,907,320,hold,1,hold,True,2.40949965,2.40949965,0,0,0,True,2.97648859,2.90060234,2.65214491,0,-0.203017682,0.12107043,368dfb070cb93665,4541b048c625cd4d,4541b048c625cd4d,4541b048c625cd4d
evaluation,hold,simple,907,384,hold,1,hold,True,2.37093854,2.37093854,0,0,0,True,2.18038034,2.09949875,2.62647605,0,0.544133425,-0.802834034,2cac4fe9fa91239d,64f460f8770e4620,64f460f8770e4620,64f460f8770e4620
evaluation,hold,simple,907,448,hold,1,hold,True,3.00855279,3.00855279,0,0,0,True,2.58425832,2.5078814,2.60839224,0,0.363389939,-0.595157623,30b1c492b9955f3d,e42628b92bc7966a,e42628b92bc7966a,e42628b92bc7966a
evaluation,hold,hevlm,701,1,hold,1,hold,True,2.33193636,2.33193636,0,0,0.012969017028808594,False,4.01765203,2.13502026,2.34280109,0,-0.915527403,1.06532526,98d8309ec07617f0,220faa13ab59d418,220faa13ab59d418,220faa13ab59d418
evaluation,hold,hevlm,701,64,hold,1,hold,True,1.60015512,1.60015512,0,0,0.005907535552978516,False,1.59237719,1.54637218,1.66012359,0,-0.000870141666,-0.0555168428,6acba3608814b5fd,26775fcb66ae4656,26775fcb66ae4656,26775fcb66ae4656
evaluation,hold,hevlm,701,128,hold,1,hold,True,1.58936131,1.58936131,0,0,0.0009539127349853516,False,1.54900897,1.48409784,1.60265851,0,0.135526776,-0.248089224,9350c8521a5711d7,f674170b7f756520,f674170b7f756520,f674170b7f756520
evaluation,hold,hevlm,701,192,hold,1,hold,True,1.65764928,1.65764928,0,0,0.0005125999450683594,False,1.61274505,1.57953334,1.56923115,0,0.109723747,-0.237981111,8b01d7992e92e785,f6a865c3d4ee3ecf,f6a865c3d4ee3ecf,f6a865c3d4ee3ecf
evaluation,hold,hevlm,701,256,hold,1,hold,True,1.56716084,1.56716084,0,0,0,True,1.51841378,1.50606549,1.57978821,0,0.273812413,-0.456849992,4c4ac954f566d794,3743adb5f2aec050,3743adb5f2aec050,3743adb5f2aec050
evaluation,hold,hevlm,701,320,hold,1,hold,True,1.54441619,1.54441619,0,0,0,True,1.54964721,1.53877902,1.56178975,0,0.394992113,-0.622264683,8af82447589cde2f,ed346dbe56821115,ed346dbe56821115,ed346dbe56821115
evaluation,hold,hevlm,701,384,hold,1,hold,True,1.60390687,1.60390687,0,0,0,True,1.68354571,1.60525191,1.57346582,0,0.281591088,-0.495432943,185c4711930143a2,5202b9b08d12fc61,5202b9b08d12fc61,5202b9b08d12fc61
evaluation,hold,hevlm,701,448,hold,1,hold,True,1.65001023,1.65001023,0,0,0,True,1.52330852,1.49902904,1.57196367,0,0.651630878,-0.959061146,f5450aa19d9473ae,4a4af2c8e3d58944,4a4af2c8e3d58944,4a4af2c8e3d58944
evaluation,hold,hevlm,907,1,hold,1,hold,True,2.20163679,2.20163679,0,0,0.00803375244140625,False,3.62193251,2.17592382,2.22146797,0,-0.898985505,1.0444659,ad11ab744e791f36,57b7a9d4736b101a,57b7a9d4736b101a,57b7a9d4736b101a
evaluation,hold,hevlm,907,64,hold,1,hold,True,1.66894412,1.66894412,0,0,1.1920928955078125e-06,False,1.64285314,1.53646576,1.64922905,0,-0.0750905946,0.034578111,81f3e7dae931058a,517d73bb650d1ad6,517d73bb650d1ad6,517d73bb650d1ad6
evaluation,hold,hevlm,907,128,hold,1,hold,True,1.53713822,1.53713822,0,0,0.00036263465881347656,False,1.50123751,1.45769703,1.65693533,0,0.0130193923,-0.0956134796,1a58c77a374f0988,18936c50d652617e,18936c50d652617e,18936c50d652617e
evaluation,hold,hevlm,907,192,hold,1,hold,True,1.53662121,1.53662121,0,0,0.00046622753143310547,False,1.58654571,1.54578876,1.58071423,0,0.0275751669,-0.13576062,fbc4ba50d235c8ce,7a62fa945b608b06,7a62fa945b608b06,7a62fa945b608b06
evaluation,hold,hevlm,907,256,hold,1,hold,True,1.52553821,1.52553821,0,0,0.0001252889633178711,False,1.56299019,1.51935482,1.57634044,0,0.170350462,-0.329767197,672304eadb1ef400,9f01d7322f33dc45,9f01d7322f33dc45,9f01d7322f33dc45
evaluation,hold,hevlm,907,320,hold,1,hold,True,1.61946297,1.61946297,0,0,0,True,1.56538141,1.53382027,1.57838261,0,0.275102854,-0.473589391,b310d719c9aa664b,8836f71c25643837,8836f71c25643837,8836f71c25643837
evaluation,hold,hevlm,907,384,hold,1,hold,True,1.56582713,1.56582713,0,0,0.0002727508544921875,False,1.56129789,1.547122,1.58721626,0,0.574730039,-0.856660008,a6d7cab3411327db,81bb178da148aeaa,81bb178da148aeaa,81bb178da148aeaa
evaluation,hold,hevlm,907,448,hold,1,hold,True,1.56041813,1.56041813,0,0,0,True,1.57702005,1.57445478,1.58269179,0,0.593714178,-0.888193429,0fbc62e8b996d55f,18577103508b4c24,18577103508b4c24,18577103508b4c24
evaluation,hold,simple,701,1,brake,2,brake,True,3.33644176,3.31548738,-0.020954370498657227,-0.006320145953382863,0.039702653884887695,False,4.49377203,3.18464375,3.50328565,0,-0.880210042,1.0207901,e439332c4a50c48e,220faa13ab59d418,220faa13ab59d418,220faa13ab59d418
evaluation,hold,simple,701,64,brake,2,brake,True,2.88471317,2.8861649,0.001451730728149414,0.0005029962852510078,0,True,3.25065804,2.99766517,2.94515014,0,-0.616244078,0.693842053,45f7a7e62bc3cc81,51943ab5f632507d,51943ab5f632507d,51943ab5f632507d
evaluation,hold,simple,701,128,brake,2,brake,True,2.55087829,2.55205226,0.0011739730834960938,0.00046001120045249854,0,True,2.52840734,2.38654208,2.79071665,0,-0.024420727,-0.0542423651,36d7fa631efce8cf,e819bbf6370cf376,e819bbf6370cf376,e819bbf6370cf376
evaluation,hold,simple,701,192,brake,2,brake,True,2.39076066,2.39081264,5.1975250244140625e-05,2.173956575873882e-05,0,True,2.33183408,2.23024607,2.72221184,0,0.0721729174,-0.186585203,9d9f07919ab29267,73c7e4140fc4f45e,73c7e4140fc4f45e,73c7e4140fc4f45e
evaluation,hold,simple,701,256,brake,2,brake,True,2.46811485,2.46855116,0.0004363059997558594,0.00017674570828164746,0,True,2.62612939,2.54765725,2.69823503,0,-0.0408913344,-0.0636626258,c87a9a05197ad876,8e1e10cbfe1d9fea,8e1e10cbfe1d9fea,8e1e10cbfe1d9fea
evaluation,hold,simple,701,320,brake,2,brake,True,2.44841528,2.44841528,0,0,0,True,2.19148731,2.13969588,2.65468502,0,0.356927335,-0.561073422,226627ad244580c2,bf33f170758a3115,bf33f170758a3115,bf33f170758a3115
evaluation,hold,simple,701,384,brake,2,brake,True,2.50499129,2.50499129,0,0,0,True,2.55367899,2.49987435,2.64957047,0,0.216932252,-0.404569715,2c8cea8304834b2e,b648adc082ea4a1a,b648adc082ea4a1a,b648adc082ea4a1a
evaluation,hold,simple,701,448,brake,2,brake,True,2.45245123,2.45245123,0,0,0.00036907196044921875,False,1.91626692,1.87467027,2.62840104,0,0.832860827,-1.16319454,fd7f711528a2288b,d14bc524bb813180,d14bc524bb813180,d14bc524bb813180
evaluation,hold,simple,907,1,brake,2,brake,True,3.52695751,3.51690292,-0.010054588317871094,-0.0028589317582564857,0.019586801528930664,False,4.0530448,3.23239541,3.48586893,0,-0.852778673,0.986199915,611ce049b5ce1913,57b7a9d4736b101a,57b7a9d4736b101a,57b7a9d4736b101a
evaluation,hold,simple,907,64,brake,2,brake,True,2.65173197,2.65239882,0.0006668567657470703,0.0002514163813234921,0,True,3.02049041,2.81729817,2.89790869,0,-0.384877414,0.403651208,73778c80b91fe13f,73b445c9ed7e4da7,73b445c9ed7e4da7,73b445c9ed7e4da7
evaluation,hold,simple,907,128,brake,2,brake,True,2.80507898,2.80607414,0.0009951591491699219,0.0003546445118710882,0,True,2.50448132,2.32504511,2.86671686,0,0.00418520626,-0.0926198587,f1887855532c294a,18ec68fcc898e08d,18ec68fcc898e08d,18ec68fcc898e08d
evaluation,hold,simple,907,192,brake,2,brake,True,2.53698921,2.53719568,0.00020647048950195312,8.137740795736162e-05,0,True,2.84356594,2.67125511,2.72229338,0,0.166202843,-0.316758126,6fdb47cc9ecdbc8a,da640b660ba12059,da640b660ba12059,da640b660ba12059
evaluation,hold,simple,907,256,brake,2,brake,True,3.11153793,3.11208558,0.0005476474761962891,0.0001759743702410003,0,True,2.50133467,2.41491127,2.69319129,0,0.0684461743,-0.197489873,0738527288fb4bdd,f2dc5405aa677407,f2dc5405aa677407,f2dc5405aa677407
evaluation,hold,simple,907,320,brake,2,brake,True,2.40949965,2.40949965,0,0,0,True,2.97648859,2.90060234,2.65214491,0,-0.203017682,0.12107043,368dfb070cb93665,4541b048c625cd4d,4541b048c625cd4d,4541b048c625cd4d
evaluation,hold,simple,907,384,brake,2,brake,True,2.37093854,2.37093854,0,0,0,True,2.18038034,2.09949875,2.62647605,0,0.544133425,-0.802834034,2cac4fe9fa91239d,64f460f8770e4620,64f460f8770e4620,64f460f8770e4620
evaluation,hold,simple,907,448,brake,2,brake,True,3.00855279,3.00855279,0,0,0,True,2.58425832,2.5078814,2.60839224,0,0.363389939,-0.595157623,30b1c492b9955f3d,e42628b92bc7966a,e42628b92bc7966a,e42628b92bc7966a
evaluation,hold,hevlm,701,1,brake,2,brake,True,2.34626842,2.33193636,-0.014332056045532227,-0.0061459867211810125,0.02730107307434082,False,4.06184292,2.15060115,2.35460162,0,-0.915527403,1.06532526,98d8309ec07617f0,220faa13ab59d418,220faa13ab59d418,220faa13ab59d418
evaluation,hold,hevlm,701,64,brake,2,brake,True,1.59424758,1.60015512,0.005907535552978516,0.003691849499639334,0,True,1.5932709,1.54625273,1.6590358,0,-0.000870141666,-0.0555168428,6acba3608814b5fd,26775fcb66ae4656,26775fcb66ae4656,26775fcb66ae4656
evaluation,hold,hevlm,701,128,brake,2,brake,True,1.5884074,1.58936131,0.0009539127349853516,0.0006001858286058374,0,True,1.54981148,1.48365283,1.60116863,0,0.135526776,-0.248089224,9350c8521a5711d7,f674170b7f756520,f674170b7f756520,f674170b7f756520
evaluation,hold,hevlm,701,192,brake,2,brake,True,1.65713668,1.65764928,0.0005125999450683594,0.0003092328651425107,0,True,1.61294878,1.57966304,1.56910586,0,0.109723747,-0.237981111,8b01d7992e92e785,f6a865c3d4ee3ecf,f6a865c3d4ee3ecf,f6a865c3d4ee3ecf
evaluation,hold,hevlm,701,256,brake,2,brake,True,1.56716084,1.56716084,0,0,0,True,1.51841378,1.50606549,1.57978821,0,0.273812413,-0.456849992,4c4ac954f566d794,3743adb5f2aec050,3743adb5f2aec050,3743adb5f2aec050
evaluation,hold,hevlm,701,320,brake,2,brake,True,1.54441619,1.54441619,0,0,0,True,1.54964721,1.53877902,1.56178975,0,0.394992113,-0.622264683,8af82447589cde2f,ed346dbe56821115,ed346dbe56821115,ed346dbe56821115
evaluation,hold,hevlm,701,384,brake,2,brake,True,1.60390687,1.60390687,0,0,0,True,1.68354571,1.60525191,1.57346582,0,0.281591088,-0.495432943,185c4711930143a2,5202b9b08d12fc61,5202b9b08d12fc61,5202b9b08d12fc61
evaluation,hold,hevlm,701,448,brake,2,brake,True,1.65001023,1.65001023,0,0,0,True,1.52330852,1.49902904,1.57196367,0,0.651630878,-0.959061146,f5450aa19d9473ae,4a4af2c8e3d58944,4a4af2c8e3d58944,4a4af2c8e3d58944
evaluation,hold,hevlm,907,1,brake,2,brake,True,2.20940685,2.20163679,-0.007770061492919922,-0.0035292188042346582,0.015803813934326172,False,3.66525078,2.18298554,2.23172712,0,-0.898985505,1.0444659,ad11ab744e791f36,57b7a9d4736b101a,57b7a9d4736b101a,57b7a9d4736b101a
evaluation,hold,hevlm,907,64,brake,2,brake,True,1.67074752,1.66894412,-0.0018033981323242188,-0.0010805616735224447,0.0018045902252197266,False,1.64407849,1.53765881,1.64951622,0,-0.0750905946,0.034578111,81f3e7dae931058a,517d73bb650d1ad6,517d73bb650d1ad6,517d73bb650d1ad6
evaluation,hold,hevlm,907,128,brake,2,brake,True,1.53757811,1.53713822,-0.0004398822784423828,-0.00028616944495009133,0.0008025169372558594,False,1.50157046,1.45742071,1.65623653,0,0.0130193923,-0.0956134796,1a58c77a374f0988,18936c50d652617e,18936c50d652617e,18936c50d652617e
evaluation,hold,hevlm,907,192,brake,2,brake,True,1.53615499,1.53662121,0.00046622753143310547,0.0003034106415364292,0,True,1.58673227,1.54632795,1.58070338,0,0.0275751669,-0.13576062,fbc4ba50d235c8ce,7a62fa945b608b06,7a62fa945b608b06,7a62fa945b608b06
evaluation,hold,hevlm,907,256,brake,2,brake,True,1.52553821,1.52553821,0,0,0.0001252889633178711,False,1.56299019,1.51935482,1.57634044,0,0.170350462,-0.329767197,672304eadb1ef400,9f01d7322f33dc45,9f01d7322f33dc45,9f01d7322f33dc45
evaluation,hold,hevlm,907,320,brake,2,brake,True,1.61946297,1.61946297,0,0,0,True,1.56538141,1.53382027,1.57838261,0,0.275102854,-0.473589391,b310d719c9aa664b,8836f71c25643837,8836f71c25643837,8836f71c25643837
evaluation,hold,hevlm,907,384,brake,2,brake,True,1.56582713,1.56582713,0,0,0.0002727508544921875,False,1.56129789,1.547122,1.58721626,0,0.574730039,-0.856660008,a6d7cab3411327db,81bb178da148aeaa,81bb178da148aeaa,81bb178da148aeaa
evaluation,hold,hevlm,907,448,brake,2,brake,True,1.56041813,1.56041813,0,0,0,True,1.57702005,1.57445478,1.58269179,0,0.593714178,-0.888193429,0fbc62e8b996d55f,18577103508b4c24,18577103508b4c24,18577103508b4c24
evaluation,hold,simple,701,1,push,3,push,True,3.2967391,3.31548738,0.01874828338623047,0.005654757673772768,0,True,4.44725895,3.15048456,3.47686577,0,-0.880210042,1.0207901,e439332c4a50c48e,220faa13ab59d418,220faa13ab59d418,220faa13ab59d418
evaluation,hold,simple,701,64,push,3,push,True,2.8861649,2.8861649,0,0,0.001451730728149414,False,3.24864411,2.99787951,2.94501162,0,-0.616244078,0.693842053,45f7a7e62bc3cc81,51943ab5f632507d,51943ab5f632507d,51943ab5f632507d
evaluation,hold,simple,701,128,push,3,push,True,2.55329752,2.55205226,-0.001245260238647461,-0.00048794445571961816,0.0024192333221435547,False,2.52537775,2.38529611,2.79425192,0,-0.024420727,-0.0542423651,36d7fa631efce8cf,e819bbf6370cf376,e819bbf6370cf376,e819bbf6370cf376
evaluation,hold,simple,701,192,push,3,push,True,2.39090943,2.39081264,-9.679794311523438e-05,-4.0487448156183313e-05,0.000148773193359375,False,2.32997298,2.22535682,2.72306705,0,0.0721729174,-0.186585203,9d9f07919ab29267,73c7e4140fc4f45e,73c7e4140fc4f45e,73c7e4140fc4f45e
evaluation,hold,simple,701,256,push,3,push,True,2.46899796,2.46855116,-0.0004467964172363281,-0.00018099533186874718,0.0008831024169921875,False,2.62530661,2.54345798,2.69929147,0,-0.0408913344,-0.0636626258,c87a9a05197ad876,8e1e10cbfe1d9fea,8e1e10cbfe1d9fea,8e1e10cbfe1d9fea
evaluation,hold,simple,701,320,push,3,push,True,2.44849825,2.44841528,-8.296966552734375e-05,-3.388707476984598e-05,8.296966552734375e-05,False,2.19122529,2.13830543,2.6545701,0,0.356927335,-0.561073422,226627ad244580c2,bf33f170758a3115,bf33f170758a3115,bf33f170758a3115
evaluation,hold,simple,701,384,push,3,push,True,2.50538993,2.50499129,-0.0003986358642578125,-0.00015913656316595052,0.0003986358642578125,False,2.5533905,2.49833083,2.64984202,0,0.216932252,-0.404569715,2c8cea8304834b2e,b648adc082ea4a1a,b648adc082ea4a1a,b648adc082ea4a1a
evaluation,hold,simple,701,448,push,3,push,True,2.45208216,2.45245123,0.00036907196044921875,0.00015049098859933513,0,True,1.91596794,1.87363017,2.62842703,0,0.832860827,-1.16319454,fd7f711528a2288b,d14bc524bb813180,d14bc524bb813180,d14bc524bb813180
evaluation,hold,simple,907,1,push,3,push,True,3.50737071,3.51690292,0.00953221321105957,0.0027103990948224546,0,True,4.02100563,3.2062974,3.46428061,0,-0.852778673,0.986199915,611ce049b5ce1913,57b7a9d4736b101a,57b7a9d4736b101a,57b7a9d4736b101a
evaluation,hold,simple,907,64,push,3,push,True,2.65241957,2.65239882,-2.0742416381835938e-05,-7.820244967874085e-06,0.0006875991821289062,False,3.01862407,2.81464219,2.89933133,0,-0.384877414,0.403651208,73778c80b91fe13f,73b445c9ed7e4da7,73b445c9ed7e4da7,73b445c9ed7e4da7
evaluation,hold,simple,907,128,push,3,push,True,2.80705214,2.80607414,-0.0009779930114746094,-0.00034852702148902823,0.0019731521606445312,False,2.50210428,2.32190776,2.86948204,0,0.00418520626,-0.0926198587,f1887855532c294a,18ec68fcc898e08d,18ec68fcc898e08d,18ec68fcc898e08d
evaluation,hold,simple,907,192,push,3,push,True,2.5374105,2.53719568,-0.0002148151397705078,-8.466633322122728e-05,0.00042128562927246094,False,2.84176946,2.66293812,2.72307587,0,0.166202843,-0.316758126,6fdb47cc9ecdbc8a,da640b660ba12059,da640b660ba12059,da640b660ba12059
evaluation,hold,simple,907,256,push,3,push,True,3.11267281,3.11208558,-0.0005872249603271484,-0.000188691716980228,0.0011348724365234375,False,2.50077605,2.4120996,2.6953671,0,0.0684461743,-0.197489873,0738527288fb4bdd,f2dc5405aa677407,f2dc5405aa677407,f2dc5405aa677407
evaluation,hold,simple,907,320,push,3,push,True,2.40989637,2.40949965,-0.000396728515625,-0.00016465175737133314,0.000396728515625,False,2.97612834,2.8983674,2.6523664,0,-0.203017682,0.12107043,368dfb070cb93665,4541b048c625cd4d,4541b048c625cd4d,4541b048c625cd4d
evaluation,hold,simple,907,384,push,3,push,True,2.37135386,2.37093854,-0.0004153251647949219,-0.00017517324160937133,0.0004153251647949219,False,2.18002248,2.0973227,2.62642241,0,0.544133425,-0.802834034,2cac4fe9fa91239d,64f460f8770e4620,64f460f8770e4620,64f460f8770e4620
evaluation,hold,simple,907,448,push,3,push,True,3.00916481,3.00855279,-0.0006120204925537109,-0.00020342680747521474,0.0006120204925537109,False,2.5839088,2.50612831,2.60829782,0,0.363389939,-0.595157623,30b1c492b9955f3d,e42628b92bc7966a,e42628b92bc7966a,e42628b92bc7966a
evaluation,hold,hevlm,701,1,push,3,push,True,2.31896734,2.33193636,0.012969017028808594,0.0055614774455668885,0,True,3.97492361,2.12186265,2.33177519,0,-0.915527403,1.06532526,98d8309ec07617f0,220faa13ab59d418,220faa13ab59d418,220faa13ab59d418
evaluation,hold,hevlm,701,64,push,3,push,True,1.59712768,1.60015512,0.0030274391174316406,0.0018919648456865068,0.002880096435546875,False,1.591488,1.54632509,1.65935767,0,-0.000870141666,-0.0555168428,6acba3608814b5fd,26775fcb66ae4656,26775fcb66ae4656,26775fcb66ae4656
evaluation,hold,hevlm,701,128,push,3,push,True,1.59032285,1.58936131,-0.0009615421295166016,-0.0006049861151630449,0.0019154548645019531,False,1.54821062,1.4846698,1.60414624,0,0.135526776,-0.248089224,9350c8521a5711d7,f674170b7f756520,f674170b7f756520,f674170b7f756520
evaluation,hold,hevlm,701,192,push,3,push,True,1.65817475,1.65764928,-0.0005254745483398438,-0.00031699964408097377,0.0010380744934082031,False,1.61254179,1.57938755,1.56936872,0,0.109723747,-0.237981111,8b01d7992e92e785,f6a865c3d4ee3ecf,f6a865c3d4ee3ecf,f6a865c3d4ee3ecf
evaluation,hold,hevlm,701,256,push,3,push,True,1.56724262,1.56716084,-8.177757263183594e-05,-5.2181957404739696e-05,8.177757263183594e-05,False,1.51834989,1.50579882,1.57989275,0,0.273812413,-0.456849992,4c4ac954f566d794,3743adb5f2aec050,3743adb5f2aec050,3743adb5f2aec050
evaluation,hold,hevlm,701,320,push,3,push,True,1.544559,1.54441619,-0.00014281272888183594,-9.247030522652522e-05,0.00014281272888183594,False,1.54952693,1.53871512,1.56154191,0,0.394992113,-0.622264683,8af82447589cde2f,ed346dbe56821115,ed346dbe56821115,ed346dbe56821115
evaluation,hold,hevlm,701,384,push,3,push,True,1.60390782,1.60390687,-9.5367431640625e-07,-5.945941997732469e-07,9.5367431640625e-07,False,1.68320096,1.60367715,1.57354748,0,0.281591088,-0.495432943,185c4711930143a2,5202b9b08d12fc61,5202b9b08d12fc61,5202b9b08d12fc61
evaluation,hold,hevlm,701,448,push,3,push,True,1.6502018,1.65001023,-0.00019156932830810547,-0.0001161018331505999,0.00019156932830810547,False,1.52321184,1.49843335,1.57209682,0,0.651630878,-0.959061146,f5450aa19d9473ae,4a4af2c8e3d58944,4a4af2c8e3d58944,4a4af2c8e3d58944
evaluation,hold,hevlm,907,1,push,3,push,True,2.19360304,2.20163679,0.00803375244140625,0.0036489891631632724,0,True,3.58003783,2.16842294,2.21113038,0,-0.898985505,1.0444659,ad11ab744e791f36,57b7a9d4736b101a,57b7a9d4736b101a,57b7a9d4736b101a
evaluation,hold,hevlm,907,64,push,3,push,True,1.66894293,1.66894412,1.1920928955078125e-06,7.14279265945561e-07,0,True,1.64163101,1.53652287,1.6501056,0,-0.0750905946,0.034578111,81f3e7dae931058a,517d73bb650d1ad6,517d73bb650d1ad6,517d73bb650d1ad6
evaluation,hold,hevlm,907,128,push,3,push,True,1.53677559,1.53713822,0.00036263465881347656,0.00023591529851983137,0,True,1.50090611,1.4582485,1.65768147,0,0.0130193923,-0.0956134796,1a58c77a374f0988,18936c50d652617e,18936c50d652617e,18936c50d652617e
evaluation,hold,hevlm,907,192,push,3,push,True,1.53707838,1.53662121,-0.0004571676254272461,-0.0002975146536160076,0.0009233951568603516,False,1.58635998,1.54524004,1.58074284,0,0.0275751669,-0.13576062,fbc4ba50d235c8ce,7a62fa945b608b06,7a62fa945b608b06,7a62fa945b608b06
evaluation,hold,hevlm,907,256,push,3,push,True,1.52541292,1.52553821,0.0001252889633178711,8.212765874312131e-05,0,True,1.56286728,1.51833618,1.57636619,0,0.170350462,-0.329767197,672304eadb1ef400,9f01d7322f33dc45,9f01d7322f33dc45,9f01d7322f33dc45
evaluation,hold,hevlm,907,320,push,3,push,True,1.61947393,1.61946297,-1.0967254638671875e-05,-6.772151071404968e-06,1.0967254638671875e-05,False,1.56534338,1.5334481,1.57852709,0,0.275102854,-0.473589391,b310d719c9aa664b,8836f71c25643837,8836f71c25643837,8836f71c25643837
evaluation,hold,hevlm,907,384,push,3,push,True,1.56555438,1.56582713,0.0002727508544921875,0.00017418952249295043,0,True,1.56114376,1.54675591,1.5871253,0,0.574730039,-0.856660008,a6d7cab3411327db,81bb178da148aeaa,81bb178da148aeaa,81bb178da148aeaa
evaluation,hold,hevlm,907,448,push,3,push,True,1.56055069,1.56041813,-0.00013256072998046875,-8.495200265085186e-05,0.00013256072998046875,False,1.57689917,1.57443321,1.58266509,0,0.593714178,-0.888193429,0fbc62e8b996d55f,18577103508b4c24,18577103508b4c24,18577103508b4c24
evaluation,policy,simple,701,1,parent,3,push,False,3.1563859,3.17341971,0.017033815383911133,0.005367651162325745,0,True,4.44725895,3.06397843,3.39199948,0,-0.880210042,1.0207901,e439332c4a50c48e,220faa13ab59d418,8d6fc088ba456746,220faa13ab59d418
evaluation,policy,simple,701,64,parent,3,push,False,2.88553309,2.88553309,0,0,0,True,3.24864411,2.9973135,2.94486904,0,-0.616244078,0.693842053,45f7a7e62bc3cc81,51943ab5f632507d,8d6fc088ba456746,51943ab5f632507d
evaluation,policy,simple,701,128,parent,1,hold,False,2.55087256,2.55087256,0,0,0.0003058910369873047,False,2.52689028,2.38417554,2.79182386,0,-0.024420727,-0.0542423651,36d7fa631efce8cf,e819bbf6370cf376,8d6fc088ba456746,e819bbf6370cf376
evaluation,policy,simple,701,192,parent,2,brake,False,2.39033318,2.39028001,-5.316734313964844e-05,-2.224313499319688e-05,7.510185241699219e-05,False,2.33183408,2.23073936,2.72161794,0,0.0721729174,-0.186585203,9d9f07919ab29267,73c7e4140fc4f45e,8d6fc088ba456746,73c7e4140fc4f45e
evaluation,policy,simple,701,256,parent,1,hold,False,2.46781206,2.46781206,0,0,0.0003647804260253906,False,2.62571836,2.54942656,2.69743896,0,-0.0408913344,-0.0636626258,c87a9a05197ad876,8e1e10cbfe1d9fea,8d6fc088ba456746,8e1e10cbfe1d9fea
evaluation,policy,simple,701,320,parent,2,brake,False,2.44837284,2.44837284,0,0,9.012222290039062e-05,False,2.19148731,2.1393652,2.65465784,0,0.356927335,-0.561073422,226627ad244580c2,bf33f170758a3115,8d6fc088ba456746,bf33f170758a3115
evaluation,policy,simple,701,384,parent,2,brake,False,2.50499129,2.50499129,0,0,0,True,2.55367899,2.49987435,2.64957047,0,0.216932252,-0.404569715,2c8cea8304834b2e,b648adc082ea4a1a,8d6fc088ba456746,b648adc082ea4a1a
evaluation,policy,simple,701,448,parent,2,brake,False,2.45244122,2.45244122,0,0,0,True,1.91626692,1.87456214,2.62839723,0,0.832860827,-1.16319454,fd7f711528a2288b,d14bc524bb813180,8d6fc088ba456746,d14bc524bb813180
evaluation,policy,simple,907,1,parent,3,push,False,3.45142508,3.4614923,0.010067224502563477,0.002908347244949411,0,True,4.02100563,3.15178394,3.40807319,0,-0.852778673,0.986199915,611ce049b5ce1913,57b7a9d4736b101a,8d6fc088ba456746,57b7a9d4736b101a
evaluation,policy,simple,907,64,parent,3,push,False,2.65223551,2.65223765,2.1457672119140625e-06,8.090400194169867e-07,0,True,3.01862407,2.8149538,2.89888883,0,-0.384877414,0.403651208,73778c80b91fe13f,73b445c9ed7e4da7,8d6fc088ba456746,73b445c9ed7e4da7
evaluation,policy,simple,907,128,parent,2,brake,False,2.80403805,2.80401134,-2.6702880859375e-05,-9.523096753782386e-06,5.8650970458984375e-05,False,2.50448132,2.32504702,2.86556792,0,0.00418520626,-0.0926198587,f1887855532c294a,18ec68fcc898e08d,8d6fc088ba456746,18ec68fcc898e08d
evaluation,policy,simple,907,192,parent,2,brake,False,2.53619218,2.53622651,3.4332275390625e-05,1.3536749065964814e-05,0,True,2.84356594,2.67520285,2.72098231,0,0.166202843,-0.316758126,6fdb47cc9ecdbc8a,da640b660ba12059,8d6fc088ba456746,da640b660ba12059
evaluation,policy,simple,907,256,parent,2,brake,False,3.11019373,3.11036658,0.0001728534698486328,5.557332541676971e-05,0,True,2.50133467,2.41978145,2.68823242,0,0.0684461743,-0.197489873,0738527288fb4bdd,f2dc5405aa677407,8d6fc088ba456746,f2dc5405aa677407
evaluation,policy,simple,907,320,parent,3,push,False,2.40954018,2.40953827,-1.9073486328125e-06,-7.915822984574428e-07,1.9073486328125e-06,False,2.97612834,2.90026283,2.65216303,0,-0.203017682,0.12107043,368dfb070cb93665,4541b048c625cd4d,8d6fc088ba456746,4541b048c625cd4d
evaluation,policy,simple,907,384,parent,2,brake,False,2.37100744,2.37100744,0,0,0,True,2.18038034,2.09917974,2.62645888,0,0.544133425,-0.802834034,2cac4fe9fa91239d,64f460f8770e4620,8d6fc088ba456746,64f460f8770e4620
evaluation,policy,simple,907,448,parent,2,brake,False,3.00855279,3.00855279,0,0,0,True,2.58425832,2.5078814,2.60839224,0,0.363389939,-0.595157623,30b1c492b9955f3d,e42628b92bc7966a,8d6fc088ba456746,e42628b92bc7966a
evaluation,policy,hevlm,701,1,parent,3,push,False,2.24690771,2.2526176,0.00570988655090332,0.002534777328500081,0,True,3.97492361,2.09041095,2.27493978,0,-0.915527403,1.06532526,98d8309ec07617f0,220faa13ab59d418,8d6fc088ba456746,220faa13ab59d418
evaluation,policy,hevlm,701,64,parent,1,hold,False,1.58884656,1.58884656,0,0,1.537799835205078e-05,False,1.59237719,1.54306901,1.65783,0,-0.000870141666,-0.0555168428,6acba3608814b5fd,26775fcb66ae4656,8d6fc088ba456746,26775fcb66ae4656
evaluation,policy,hevlm,701,128,parent,2,brake,False,1.58861494,1.58860719,-7.748603820800781e-06,-4.877605352678533e-06,7.748603820800781e-06,False,1.54981148,1.47962964,1.59902072,0,0.135526776,-0.248089224,9350c8521a5711d7,f674170b7f756520,8d6fc088ba456746,f674170b7f756520
evaluation,policy,hevlm,701,192,parent,2,brake,False,1.65503311,1.65529513,0.0002620220184326172,0.0001582931374727701,0,True,1.61294878,1.57977343,1.56864715,0,0.109723747,-0.237981111,8b01d7992e92e785,f6a865c3d4ee3ecf,8d6fc088ba456746,f6a865c3d4ee3ecf
evaluation,policy,hevlm,701,256,parent,2,brake,False,1.56716084,1.56716084,0,0,0,True,1.51841378,1.50606549,1.57978821,0,0.273812413,-0.456849992,4c4ac954f566d794,3743adb5f2aec050,8d6fc088ba456746,3743adb5f2aec050
evaluation,policy,hevlm,701,320,parent,2,brake,False,1.54441619,1.54441619,0,0,0,True,1.54964721,1.53877902,1.56178975,0,0.394992113,-0.622264683,8af82447589cde2f,ed346dbe56821115,8d6fc088ba456746,ed346dbe56821115
evaluation,policy,hevlm,701,384,parent,2,brake,False,1.60390687,1.60390687,0,0,2.6226043701171875e-06,False,1.68354571,1.60525191,1.57346582,0,0.281591088,-0.495432943,185c4711930143a2,5202b9b08d12fc61,8d6fc088ba456746,5202b9b08d12fc61
evaluation,policy,hevlm,701,448,parent,2,brake,False,1.65001023,1.65001023,0,0,1.5139579772949219e-05,False,1.52330852,1.49902904,1.57196367,0,0.651630878,-0.959061146,f5450aa19d9473ae,4a4af2c8e3d58944,8d6fc088ba456746,4a4af2c8e3d58944
evaluation,policy,hevlm,907,1,parent,3,push,False,2.1192379,2.12918472,0.009946823120117188,0.004671655935475446,0,True,3.58003783,2.14255619,2.12858701,0,-0.898985505,1.0444659,ad11ab744e791f36,57b7a9d4736b101a,8d6fc088ba456746,57b7a9d4736b101a
evaluation,policy,hevlm,907,64,parent,3,push,False,1.67027664,1.67301965,0.0027430057525634766,0.0016395528390526714,0,True,1.64163101,1.53534555,1.64809978,0,-0.0750905946,0.034578111,81f3e7dae931058a,517d73bb650d1ad6,8d6fc088ba456746,517d73bb650d1ad6
evaluation,policy,hevlm,907,128,parent,2,brake,False,1.53887451,1.53831577,-0.0005587339401245117,-0.00036321123836617457,0.0011038780212402344,False,1.50157046,1.45365715,1.65324402,0,0.0130193923,-0.0956134796,1a58c77a374f0988,18936c50d652617e,8d6fc088ba456746,18936c50d652617e
evaluation,policy,hevlm,907,192,parent,2,brake,False,1.53541183,1.53545499,4.315376281738281e-05,2.810485167999705e-05,0,True,1.58673227,1.54722977,1.58057058,0,0.0275751669,-0.13576062,fbc4ba50d235c8ce,7a62fa945b608b06,8d6fc088ba456746,7a62fa945b608b06
evaluation,policy,hevlm,907,256,parent,2,brake,False,1.52553821,1.52553821,0,0,0,True,1.56299019,1.51935482,1.57634044,0,0.170350462,-0.329767197,672304eadb1ef400,9f01d7322f33dc45,8d6fc088ba456746,9f01d7322f33dc45
evaluation,policy,hevlm,907,320,parent,2,brake,False,1.61946297,1.61946297,0,0,0,True,1.56538141,1.53382027,1.57838261,0,0.275102854,-0.473589391,b310d719c9aa664b,8836f71c25643837,8d6fc088ba456746,8836f71c25643837
evaluation,policy,hevlm,907,384,parent,2,brake,False,1.56582713,1.56582713,0,0,1.621246337890625e-05,False,1.56129789,1.547122,1.58721626,0,0.574730039,-0.856660008,a6d7cab3411327db,81bb178da148aeaa,8d6fc088ba456746,81bb178da148aeaa
evaluation,policy,hevlm,907,448,parent,2,brake,False,1.56041813,1.56041813,0,0,1.5735626220703125e-05,False,1.57702005,1.57445478,1.58269179,0,0.593714178,-0.888193429,0fbc62e8b996d55f,18577103508b4c24,8d6fc088ba456746,18577103508b4c24
evaluation,policy,simple,701,1,lived-hold,3,push,False,3.1563859,3.17341971,0.017033815383911133,0.005367651162325745,0,True,4.44725895,3.06397843,3.39199948,0,-0.832466483,0.975309134,e439332c4a50c48e,220faa13ab59d418,9be4ed87c7f394ea,a303827ac50d52dd
evaluation,policy,simple,701,64,lived-hold,3,push,False,2.88553309,2.88553309,0,0,0,True,3.24864411,2.9973135,2.94486904,0,-0.185828581,0.841512442,45f7a7e62bc3cc81,51943ab5f632507d,9be4ed87c7f394ea,040fe77c7e69594c
evaluation,policy,simple,701,128,lived-hold,2,brake,False,2.55056667,2.55087256,0.0003058910369873047,0.0001199161892092256,0,True,2.52840734,2.38489676,2.79155779,0,0.328849584,-0.206149787,36d7fa631efce8cf,e819bbf6370cf376,9be4ed87c7f394ea,6e82b208cbf4542f
evaluation,policy,simple,701,192,lived-hold,2,brake,False,2.39033318,2.39028001,-5.316734313964844e-05,-2.224313499319688e-05,7.510185241699219e-05,False,2.33183408,2.23073936,2.72161794,0,0.305506766,-0.490619749,9d9f07919ab29267,73c7e4140fc4f45e,9be4ed87c7f394ea,3a6b942dbc13ca5b
evaluation,policy,simple,701,256,lived-hold,1,hold,False,2.46781206,2.46781206,0,0,0.0003647804260253906,False,2.62571836,2.54942656,2.69743896,0,-0.0668856278,-0.340768248,c87a9a05197ad876,8e1e10cbfe1d9fea,9be4ed87c7f394ea,0918e0e9879b7eb7
evaluation,policy,simple,701,320,lived-hold,2,brake,False,2.44837284,2.44837284,0,0,9.012222290039062e-05,False,2.19148731,2.1393652,2.65465784,0,0.280427903,-0.934826553,226627ad244580c2,bf33f170758a3115,9be4ed87c7f394ea,a1f0c0fca40a63b8
evaluation,policy,simple,701,384,lived-hold,1,hold,False,2.50499129,2.50499129,0,0,0,True,2.55367899,2.49987435,2.64957047,0,-0.0848925784,-0.554031968,2c8cea8304834b2e,b648adc082ea4a1a,9be4ed87c7f394ea,b766a7542cbe2143
evaluation,policy,simple,701,448,lived-hold,2,brake,False,2.45244122,2.45244122,0,0,0,True,1.91626692,1.87456214,2.62839723,0,0.469264328,-1.38720942,fd7f711528a2288b,d14bc524bb813180,9be4ed87c7f394ea,86632aac8820ee8d
evaluation,policy,simple,907,1,lived-hold,3,push,False,3.45142508,3.4614923,0.010067224502563477,0.002908347244949411,0,True,4.02100563,3.15178394,3.40807319,0,-0.808225632,0.945800364,611ce049b5ce1913,57b7a9d4736b101a,9be4ed87c7f394ea,0b40b20254209b03
evaluation,policy,simple,907,64,lived-hold,3,push,False,2.65223551,2.65223765,2.1457672119140625e-06,8.090400194169867e-07,0,True,3.01862407,2.8149538,2.89888883,0,-0.0263755675,0.478799433,73778c80b91fe13f,73b445c9ed7e4da7,9be4ed87c7f394ea,3dc2988b7e64ca2e
evaluation,policy,simple,907,128,lived-hold,2,brake,False,2.80403805,2.80401134,-2.6702880859375e-05,-9.523096753782386e-06,5.8650970458984375e-05,False,2.50448132,2.32504702,2.86556792,0,0.265073657,-0.16019851,f1887855532c294a,18ec68fcc898e08d,9be4ed87c7f394ea,2699ac2a9fd027cc
evaluation,policy,simple,907,192,lived-hold,1,hold,False,2.53622651,2.53622651,0,0,3.4332275390625e-05,False,2.84266686,2.67094111,2.7210238,0,-0.0530731678,-0.350096941,6fdb47cc9ecdbc8a,da640b660ba12059,9be4ed87c7f394ea,ccb4749a717429d8
evaluation,policy,simple,907,256,lived-hold,2,brake,False,3.11019373,3.11036658,0.0001728534698486328,5.557332541676971e-05,0,True,2.50133467,2.41978145,2.68823242,0,0.0690775365,-0.51122278,0738527288fb4bdd,f2dc5405aa677407,9be4ed87c7f394ea,ea1eeaaba746deca
evaluation,policy,simple,907,320,lived-hold,3,push,False,2.40954018,2.40953827,-1.9073486328125e-06,-7.915822984574428e-07,1.9073486328125e-06,False,2.97612834,2.90026283,2.65216303,0,-0.480014205,0.100503318,368dfb070cb93665,4541b048c625cd4d,9be4ed87c7f394ea,b3aca432978a69d8
evaluation,policy,simple,907,384,lived-hold,2,brake,False,2.37100744,2.37100744,0,0,0,True,2.18038034,2.09917974,2.62645888,0,0.284845531,-1.0768913,2cac4fe9fa91239d,64f460f8770e4620,9be4ed87c7f394ea,1974787c615c3349
evaluation,policy,simple,907,448,lived-hold,1,hold,False,3.00855279,3.00855279,0,0,0,True,2.58425832,2.5078814,2.60839224,0,-0.0806417614,-0.667543173,30b1c492b9955f3d,e42628b92bc7966a,9be4ed87c7f394ea,473d1da8eed1615b
evaluation,policy,hevlm,701,1,lived-hold,3,push,False,2.24690771,2.2526176,0.00570988655090332,0.002534777328500081,0,True,3.97492361,2.09041095,2.27493978,0,-0.863779247,1.01349723,98d8309ec07617f0,220faa13ab59d418,9be4ed87c7f394ea,a303827ac50d52dd
evaluation,policy,hevlm,701,64,lived-hold,2,brake,False,1.58883119,1.58884656,1.537799835205078e-05,9.67871222995173e-06,0,True,1.5932709,1.54327345,1.65781176,0,1.16524172,-0.606196165,6acba3608814b5fd,26775fcb66ae4656,9be4ed87c7f394ea,59490ebf534112e7
evaluation,policy,hevlm,701,128,lived-hold,2,brake,False,1.58861494,1.58860719,-7.748603820800781e-06,-4.877605352678533e-06,7.748603820800781e-06,False,1.54981148,1.47962964,1.59902072,0,0.84159112,-0.743847847,9350c8521a5711d7,f674170b7f756520,9be4ed87c7f394ea,1bf3989648278275
evaluation,policy,hevlm,701,192,lived-hold,2,brake,False,1.65503311,1.65529513,0.0002620220184326172,0.0001582931374727701,0,True,1.61294878,1.57977343,1.56864715,0,0.457115352,-0.695054054,8b01d7992e92e785,f6a865c3d4ee3ecf,9be4ed87c7f394ea,06379d54932f23b2
evaluation,policy,hevlm,701,256,lived-hold,2,brake,False,1.56716084,1.56716084,0,0,0,True,1.51841378,1.50606549,1.57978821,0,0.356966764,-0.780995369,4c4ac954f566d794,3743adb5f2aec050,9be4ed87c7f394ea,571e8402d864e40d
evaluation,policy,hevlm,701,320,lived-hold,2,brake,False,1.54441619,1.54441619,0,0,0,True,1.54964721,1.53877902,1.56178975,0,0.219186679,-0.77651006,8af82447589cde2f,ed346dbe56821115,9be4ed87c7f394ea,3d6e755fa5e2da0c
evaluation,policy,hevlm,701,384,lived-hold,1,hold,False,1.60390687,1.60390687,0,0,2.6226043701171875e-06,False,1.68354571,1.60525191,1.57346582,0,-0.0290927291,-0.498347163,185c4711930143a2,5202b9b08d12fc61,9be4ed87c7f394ea,119cd1b5af659154
evaluation,policy,hevlm,701,448,lived-hold,2,brake,False,1.65001023,1.65001023,0,0,1.5139579772949219e-05,False,1.52330852,1.49902904,1.57196367,0,0.178162962,-0.91714412,f5450aa19d9473ae,4a4af2c8e3d58944,9be4ed87c7f394ea,49b54155ba669f09
evaluation,policy,hevlm,907,1,lived-hold,3,push,False,2.1192379,2.12918472,0.009946823120117188,0.004671655935475446,0,True,3.58003783,2.14255619,2.12858701,0,-0.849087477,0.995577812,ad11ab744e791f36,57b7a9d4736b101a,9be4ed87c7f394ea,0b40b20254209b03
evaluation,policy,hevlm,907,64,lived-hold,2,brake,False,1.67491221,1.67301965,-0.0018925666809082031,-0.0011312273304128731,0.00463557243347168,False,1.64407849,1.54001594,1.65073049,0,1.04578066,-0.477063835,81f3e7dae931058a,517d73bb650d1ad6,9be4ed87c7f394ea,2a0b0edbe334bd9b
evaluation,policy,hevlm,907,128,lived-hold,2,brake,False,1.53887451,1.53831577,-0.0005587339401245117,-0.00036321123836617457,0.0011038780212402344,False,1.50157046,1.45365715,1.65324402,0,0.797455728,-0.615816116,1a58c77a374f0988,18936c50d652617e,9be4ed87c7f394ea,bbaa91066f02d2a3
evaluation,policy,hevlm,907,192,lived-hold,2,brake,False,1.53541183,1.53545499,4.315376281738281e-05,2.810485167999705e-05,0,True,1.58673227,1.54722977,1.58057058,0,0.414824635,-0.58882767,fbc4ba50d235c8ce,7a62fa945b608b06,9be4ed87c7f394ea,98af8fed9c762e2f
evaluation,policy,hevlm,907,256,lived-hold,2,brake,False,1.52553821,1.52553821,0,0,0,True,1.56299019,1.51935482,1.57634044,0,0.257575691,-0.642790139,672304eadb1ef400,9f01d7322f33dc45,9be4ed87c7f394ea,cabac815b4378eb0
evaluation,policy,hevlm,907,320,lived-hold,2,brake,False,1.61946297,1.61946297,0,0,0,True,1.56538141,1.53382027,1.57838261,0,0.148863092,-0.630688667,b310d719c9aa664b,8836f71c25643837,9be4ed87c7f394ea,f9eac8560213c452
evaluation,policy,hevlm,907,384,lived-hold,2,brake,False,1.56582713,1.56582713,0,0,1.621246337890625e-05,False,1.56129789,1.547122,1.58721626,0,0.159647197,-0.877405345,a6d7cab3411327db,81bb178da148aeaa,9be4ed87c7f394ea,9b658f497f4f1243
evaluation,policy,hevlm,907,448,lived-hold,2,brake,False,1.56041813,1.56041813,0,0,1.5735626220703125e-05,False,1.57702005,1.57445478,1.58269179,0,0.117656134,-0.839793563,0fbc62e8b996d55f,18577103508b4c24,9be4ed87c7f394ea,4a9a73163ad00921
evaluation,policy,simple,701,1,lived-policy,3,push,False,3.1563859,3.17341971,0.017033815383911133,0.005367651162325745,0,True,4.44725895,3.06397843,3.39199948,0,-0.921059668,0.836149514,e439332c4a50c48e,220faa13ab59d418,07e8a226c3da9d87,7c1fd41a2710fd9f
evaluation,policy,simple,701,64,lived-policy,3,push,False,2.88553309,2.88553309,0,0,0,True,3.24864411,2.9973135,2.94486904,0,-0.532378316,0.652626932,45f7a7e62bc3cc81,51943ab5f632507d,07e8a226c3da9d87,02deaa58809d3ab2
evaluation,policy,simple,701,128,lived-policy,2,brake,False,2.55056667,2.55087256,0.0003058910369873047,0.0001199161892092256,0,True,2.52840734,2.38489676,2.79155779,0,0.0839665309,-0.0306084622,36d7fa631efce8cf,e819bbf6370cf376,07e8a226c3da9d87,c55a4b5b38136f35
evaluation,policy,simple,701,192,lived-policy,2,brake,False,2.39033318,2.39028001,-5.316734313964844e-05,-2.224313499319688e-05,7.510185241699219e-05,False,2.33183408,2.23073936,2.72161794,0,0.148261204,-0.350857675,9d9f07919ab29267,73c7e4140fc4f45e,07e8a226c3da9d87,4fdecb554145d795
evaluation,policy,simple,701,256,lived-policy,1,hold,False,2.46781206,2.46781206,0,0,0.0003647804260253906,False,2.62571836,2.54942656,2.69743896,0,-0.074748233,-0.40756464,c87a9a05197ad876,8e1e10cbfe1d9fea,07e8a226c3da9d87,d62fc4edb77ae601
evaluation,policy,simple,701,320,lived-policy,2,brake,False,2.44837284,2.44837284,0,0,9.012222290039062e-05,False,2.19148731,2.1393652,2.65465784,0,0.210384414,-0.663229704,226627ad244580c2,bf33f170758a3115,07e8a226c3da9d87,9331f16de0620332
evaluation,policy,simple,701,384,lived-policy,1,hold,False,2.50499129,2.50499129,0,0,0,True,2.55367899,2.49987435,2.64957047,0,-0.010432519,-0.59900707,2c8cea8304834b2e,b648adc082ea4a1a,07e8a226c3da9d87,dd20a4eba82b9815
evaluation,policy,simple,701,448,lived-policy,2,brake,False,2.45244122,2.45244122,0,0,0,True,1.91626692,1.87456214,2.62839723,0,0.458149463,-0.88107866,fd7f711528a2288b,d14bc524bb813180,07e8a226c3da9d87,aa23947bc1d032c7
evaluation,policy,simple,907,1,lived-policy,3,push,False,3.45142508,3.4614923,0.010067224502563477,0.002908347244949411,0,True,4.02100563,3.15178394,3.40807319,0,-0.889235795,0.803520262,611ce049b5ce1913,57b7a9d4736b101a,07e8a226c3da9d87,a9e8ce10b0cf7f9d
evaluation,policy,simple,907,64,lived-policy,3,push,False,2.65223551,2.65223765,2.1457672119140625e-06,8.090400194169867e-07,0,True,3.01862407,2.8149538,2.89888883,0,-0.334061176,0.506026268,73778c80b91fe13f,73b445c9ed7e4da7,07e8a226c3da9d87,caafb7659272b600
evaluation,policy,simple,907,128,lived-policy,2,brake,False,2.80403805,2.80401134,-2.6702880859375e-05,-9.523096753782386e-06,5.8650970458984375e-05,False,2.50448132,2.32504702,2.86556792,0,0.0636217967,-0.00139110535,f1887855532c294a,18ec68fcc898e08d,07e8a226c3da9d87,ac610bc91feded66
evaluation,policy,simple,907,192,lived-policy,2,brake,False,2.53619218,2.53622651,3.4332275390625e-05,1.3536749065964814e-05,0,True,2.84356594,2.67520285,2.72098231,0,0.0191952363,-0.231552646,6fdb47cc9ecdbc8a,da640b660ba12059,07e8a226c3da9d87,5f5364d607d19c96
evaluation,policy,simple,907,256,lived-policy,2,brake,False,3.11019373,3.11036658,0.0001728534698486328,5.557332541676971e-05,0,True,2.50133467,2.41978145,2.68823242,0,0.0268257931,-0.460273415,0738527288fb4bdd,f2dc5405aa677407,07e8a226c3da9d87,0cde215e4cab5ec0
evaluation,policy,simple,907,320,lived-policy,1,hold,False,2.40953827,2.40953827,0,0,0,True,2.97648859,2.90055943,2.65215349,0,-0.300840169,-0.3563146,368dfb070cb93665,4541b048c625cd4d,07e8a226c3da9d87,4d161385032a241a
evaluation,policy,simple,907,384,lived-policy,2,brake,False,2.37100744,2.37100744,0,0,0,True,2.18038034,2.09917974,2.62645888,0,0.270971119,-0.747013867,2cac4fe9fa91239d,64f460f8770e4620,07e8a226c3da9d87,64dc6aa6212c023f
evaluation,policy,simple,907,448,lived-policy,2,brake,False,3.00855279,3.00855279,0,0,0,True,2.58425832,2.5078814,2.60839224,0,0.0328413472,-0.674557447,30b1c492b9955f3d,e42628b92bc7966a,07e8a226c3da9d87,91c9c16f88053d71
evaluation,policy,hevlm,701,1,lived-policy,3,push,False,2.24690771,2.2526176,0.00570988655090332,0.002534777328500081,0,True,3.97492361,2.09041095,2.27493978,0,-0.962255657,0.878458619,98d8309ec07617f0,220faa13ab59d418,07e8a226c3da9d87,7c1fd41a2710fd9f
evaluation,policy,hevlm,701,64,lived-policy,2,brake,False,1.58883119,1.58884656,1.537799835205078e-05,9.67871222995173e-06,0,True,1.5932709,1.54327345,1.65781176,0,0.487620413,-0.263686538,6acba3608814b5fd,26775fcb66ae4656,07e8a226c3da9d87,4cfb76d1627810bd
evaluation,policy,hevlm,701,128,lived-policy,2,brake,False,1.58861494,1.58860719,-7.748603820800781e-06,-4.877605352678533e-06,7.748603820800781e-06,False,1.54981148,1.47962964,1.59902072,0,0.383758992,-0.475708216,9350c8521a5711d7,f674170b7f756520,07e8a226c3da9d87,2f6de9ca41595107
evaluation,policy,hevlm,701,192,lived-policy,2,brake,False,1.65503311,1.65529513,0.0002620220184326172,0.0001582931374727701,0,True,1.61294878,1.57977343,1.56864715,0,0.140572503,-0.53443265,8b01d7992e92e785,f6a865c3d4ee3ecf,07e8a226c3da9d87,5ca2980cb7df5874
evaluation,policy,hevlm,701,256,lived-policy,2,brake,False,1.56716084,1.56716084,0,0,0,True,1.51841378,1.50606549,1.57978821,0,0.130204856,-0.614609599,4c4ac954f566d794,3743adb5f2aec050,07e8a226c3da9d87,c2282e84aab7abdb
evaluation,policy,hevlm,701,320,lived-policy,2,brake,False,1.54441619,1.54441619,0,0,0,True,1.54964721,1.53877902,1.56178975,0,0.0999838561,-0.652658939,8af82447589cde2f,ed346dbe56821115,07e8a226c3da9d87,a38b53826dbe0716
evaluation,policy,hevlm,701,384,lived-policy,1,hold,False,1.60390687,1.60390687,0,0,2.6226043701171875e-06,False,1.68354571,1.60525191,1.57346582,0,-0.0486636572,-0.628588378,185c4711930143a2,5202b9b08d12fc61,07e8a226c3da9d87,5ba010f99b434ffa
evaluation,policy,hevlm,701,448,lived-policy,2,brake,False,1.65001023,1.65001023,0,0,1.5139579772949219e-05,False,1.52330852,1.49902904,1.57196367,0,0.140137285,-0.763229489,f5450aa19d9473ae,4a4af2c8e3d58944,07e8a226c3da9d87,25aad055b2930f1b
evaluation,policy,hevlm,907,1,lived-policy,3,push,False,2.1192379,2.12918472,0.009946823120117188,0.004671655935475446,0,True,3.58003783,2.14255619,2.12858701,0,-0.942915618,0.858586311,ad11ab744e791f36,57b7a9d4736b101a,07e8a226c3da9d87,a9e8ce10b0cf7f9d
evaluation,policy,hevlm,907,64,lived-policy,2,brake,False,1.67491221,1.67301965,-0.0018925666809082031,-0.0011312273304128731,0.00463557243347168,False,1.64407849,1.54001594,1.65073049,0,0.387077093,-0.191075444,81f3e7dae931058a,517d73bb650d1ad6,07e8a226c3da9d87,855f4f7ed5724ffd
evaluation,policy,hevlm,907,128,lived-policy,2,brake,False,1.53887451,1.53831577,-0.0005587339401245117,-0.00036321123836617457,0.0011038780212402344,False,1.50157046,1.45365715,1.65324402,0,0.302758843,-0.445370078,1a58c77a374f0988,18936c50d652617e,07e8a226c3da9d87,53f5d98e3db2c63d
evaluation,policy,hevlm,907,192,lived-policy,2,brake,False,1.53541183,1.53545499,4.315376281738281e-05,2.810485167999705e-05,0,True,1.58673227,1.54722977,1.58057058,0,0.0974872261,-0.509565949,fbc4ba50d235c8ce,7a62fa945b608b06,07e8a226c3da9d87,9a0ece2bd7886409
evaluation,policy,hevlm,907,256,lived-policy,2,brake,False,1.52553821,1.52553821,0,0,0,True,1.56299019,1.51935482,1.57634044,0,0.0589591414,-0.579004288,672304eadb1ef400,9f01d7322f33dc45,07e8a226c3da9d87,75c7e5f6274b32c6
evaluation,policy,hevlm,907,320,lived-policy,2,brake,False,1.61946297,1.61946297,0,0,0,True,1.56538141,1.53382027,1.57838261,0,0.0359504335,-0.62357378,b310d719c9aa664b,8836f71c25643837,07e8a226c3da9d87,416de99a2fd55480
evaluation,policy,hevlm,907,384,lived-policy,2,brake,False,1.56582713,1.56582713,0,0,1.621246337890625e-05,False,1.56129789,1.547122,1.58721626,0,0.131478384,-0.713403344,a6d7cab3411327db,81bb178da148aeaa,07e8a226c3da9d87,8358fe52fbbe865d
evaluation,policy,hevlm,907,448,lived-policy,2,brake,False,1.56041813,1.56041813,0,0,1.5735626220703125e-05,False,1.57702005,1.57445478,1.58269179,0,0.103166595,-0.74677968,0fbc62e8b996d55f,18577103508b4c24,07e8a226c3da9d87,37a5799437ccfbeb
evaluation,policy,simple,701,1,hold,1,hold,True,3.17341971,3.17341971,0,0,0.017033815383911133,False,4.47035789,3.07586408,3.40059757,0,-0.880210042,1.0207901,e439332c4a50c48e,220faa13ab59d418,220faa13ab59d418,220faa13ab59d418
evaluation,policy,simple,701,64,hold,1,hold,True,2.88553309,2.88553309,0,0,0,True,3.24864411,2.9973135,2.94486904,0,-0.616244078,0.693842053,45f7a7e62bc3cc81,51943ab5f632507d,51943ab5f632507d,51943ab5f632507d
evaluation,policy,simple,701,128,hold,1,hold,True,2.55087256,2.55087256,0,0,0.0003058910369873047,False,2.52689028,2.38417554,2.79182386,0,-0.024420727,-0.0542423651,36d7fa631efce8cf,e819bbf6370cf376,e819bbf6370cf376,e819bbf6370cf376
evaluation,policy,simple,701,192,hold,1,hold,True,2.39028001,2.39028001,0,0,2.193450927734375e-05,False,2.33090281,2.2282052,2.72194028,0,0.0721729174,-0.186585203,9d9f07919ab29267,73c7e4140fc4f45e,73c7e4140fc4f45e,73c7e4140fc4f45e
evaluation,policy,simple,701,256,hold,1,hold,True,2.46781206,2.46781206,0,0,0.0003647804260253906,False,2.62571836,2.54942656,2.69743896,0,-0.0408913344,-0.0636626258,c87a9a05197ad876,8e1e10cbfe1d9fea,8e1e10cbfe1d9fea,8e1e10cbfe1d9fea
evaluation,policy,simple,701,320,hold,1,hold,True,2.44837284,2.44837284,0,0,9.012222290039062e-05,False,2.19148731,2.1393652,2.65465784,0,0.356927335,-0.561073422,226627ad244580c2,bf33f170758a3115,bf33f170758a3115,bf33f170758a3115
evaluation,policy,simple,701,384,hold,1,hold,True,2.50499129,2.50499129,0,0,0,True,2.55367899,2.49987435,2.64957047,0,0.216932252,-0.404569715,2c8cea8304834b2e,b648adc082ea4a1a,b648adc082ea4a1a,b648adc082ea4a1a
evaluation,policy,simple,701,448,hold,1,hold,True,2.45244122,2.45244122,0,0,0,True,1.91626692,1.87456214,2.62839723,0,0.832860827,-1.16319454,fd7f711528a2288b,d14bc524bb813180,d14bc524bb813180,d14bc524bb813180
evaluation,policy,simple,907,1,hold,1,hold,True,3.4614923,3.4614923,0,0,0.010067224502563477,False,4.03680658,3.16347051,3.41736221,0,-0.852778673,0.986199915,611ce049b5ce1913,57b7a9d4736b101a,57b7a9d4736b101a,57b7a9d4736b101a
evaluation,policy,simple,907,64,hold,1,hold,True,2.65223765,2.65223765,0,0,2.1457672119140625e-06,False,3.01867914,2.81499815,2.89888692,0,-0.384877414,0.403651208,73778c80b91fe13f,73b445c9ed7e4da7,73b445c9ed7e4da7,73b445c9ed7e4da7
evaluation,policy,simple,907,128,hold,1,hold,True,2.80401134,2.80401134,0,0,3.1948089599609375e-05,False,2.50329161,2.32467484,2.86563706,0,0.00418520626,-0.0926198587,f1887855532c294a,18ec68fcc898e08d,18ec68fcc898e08d,18ec68fcc898e08d
evaluation,policy,simple,907,192,hold,1,hold,True,2.53622651,2.53622651,0,0,3.4332275390625e-05,False,2.84266686,2.67094111,2.7210238,0,0.166202843,-0.316758126,6fdb47cc9ecdbc8a,da640b660ba12059,da640b660ba12059,da640b660ba12059
evaluation,policy,simple,907,256,hold,1,hold,True,3.11036658,3.11036658,0,0,0.0001728534698486328,False,2.50105572,2.41831183,2.68901825,0,0.0684461743,-0.197489873,0738527288fb4bdd,f2dc5405aa677407,f2dc5405aa677407,f2dc5405aa677407
evaluation,policy,simple,907,320,hold,1,hold,True,2.40953827,2.40953827,0,0,0,True,2.97648859,2.90055943,2.65215349,0,-0.203017682,0.12107043,368dfb070cb93665,4541b048c625cd4d,4541b048c625cd4d,4541b048c625cd4d
evaluation,policy,simple,907,384,hold,1,hold,True,2.37100744,2.37100744,0,0,0,True,2.18038034,2.09917974,2.62645888,0,0.544133425,-0.802834034,2cac4fe9fa91239d,64f460f8770e4620,64f460f8770e4620,64f460f8770e4620
evaluation,policy,simple,907,448,hold,1,hold,True,3.00855279,3.00855279,0,0,0,True,2.58425832,2.5078814,2.60839224,0,0.363389939,-0.595157623,30b1c492b9955f3d,e42628b92bc7966a,e42628b92bc7966a,e42628b92bc7966a
evaluation,policy,hevlm,701,1,hold,1,hold,True,2.2526176,2.2526176,0,0,0.00570988655090332,False,4.01765203,2.09244585,2.28155017,0,-0.915527403,1.06532526,98d8309ec07617f0,220faa13ab59d418,220faa13ab59d418,220faa13ab59d418
evaluation,policy,hevlm,701,64,hold,1,hold,True,1.58884656,1.58884656,0,0,1.537799835205078e-05,False,1.59237719,1.54306901,1.65783,0,-0.000870141666,-0.0555168428,6acba3608814b5fd,26775fcb66ae4656,26775fcb66ae4656,26775fcb66ae4656
evaluation,policy,hevlm,701,128,hold,1,hold,True,1.58860719,1.58860719,0,0,0,True,1.54900897,1.4794966,1.59907269,0,0.135526776,-0.248089224,9350c8521a5711d7,f674170b7f756520,f674170b7f756520,f674170b7f756520
evaluation,policy,hevlm,701,192,hold,1,hold,True,1.65529513,1.65529513,0,0,0.0002620220184326172,False,1.61274505,1.5793699,1.56858528,0,0.109723747,-0.237981111,8b01d7992e92e785,f6a865c3d4ee3ecf,f6a865c3d4ee3ecf,f6a865c3d4ee3ecf
evaluation,policy,hevlm,701,256,hold,1,hold,True,1.56716084,1.56716084,0,0,0,True,1.51841378,1.50606549,1.57978821,0,0.273812413,-0.456849992,4c4ac954f566d794,3743adb5f2aec050,3743adb5f2aec050,3743adb5f2aec050
evaluation,policy,hevlm,701,320,hold,1,hold,True,1.54441619,1.54441619,0,0,0,True,1.54964721,1.53877902,1.56178975,0,0.394992113,-0.622264683,8af82447589cde2f,ed346dbe56821115,ed346dbe56821115,ed346dbe56821115
evaluation,policy,hevlm,701,384,hold,1,hold,True,1.60390687,1.60390687,0,0,2.6226043701171875e-06,False,1.68354571,1.60525191,1.57346582,0,0.281591088,-0.495432943,185c4711930143a2,5202b9b08d12fc61,5202b9b08d12fc61,5202b9b08d12fc61
evaluation,policy,hevlm,701,448,hold,1,hold,True,1.65001023,1.65001023,0,0,1.5139579772949219e-05,False,1.52330852,1.49902904,1.57196367,0,0.651630878,-0.959061146,f5450aa19d9473ae,4a4af2c8e3d58944,4a4af2c8e3d58944,4a4af2c8e3d58944
evaluation,policy,hevlm,907,1,hold,1,hold,True,2.12918472,2.12918472,0,0,0.009946823120117188,False,3.62193251,2.15363407,2.14026046,0,-0.898985505,1.0444659,ad11ab744e791f36,57b7a9d4736b101a,57b7a9d4736b101a,57b7a9d4736b101a
evaluation,policy,hevlm,907,64,hold,1,hold,True,1.67301965,1.67301965,0,0,0.0027430057525634766,False,1.64285314,1.53870809,1.64956558,0,-0.0750905946,0.034578111,81f3e7dae931058a,517d73bb650d1ad6,517d73bb650d1ad6,517d73bb650d1ad6
evaluation,policy,hevlm,907,128,hold,1,hold,True,1.53831577,1.53831577,0,0,0.0005451440811157227,False,1.50123751,1.45325959,1.65385509,0,0.0130193923,-0.0956134796,1a58c77a374f0988,18936c50d652617e,18936c50d652617e,18936c50d652617e
evaluation,policy,hevlm,907,192,hold,1,hold,True,1.53545499,1.53545499,0,0,4.315376281738281e-05,False,1.58654571,1.54705203,1.58054757,0,0.0275751669,-0.13576062,fbc4ba50d235c8ce,7a62fa945b608b06,7a62fa945b608b06,7a62fa945b608b06
evaluation,policy,hevlm,907,256,hold,1,hold,True,1.52553821,1.52553821,0,0,0,True,1.56299019,1.51935482,1.57634044,0,0.170350462,-0.329767197,672304eadb1ef400,9f01d7322f33dc45,9f01d7322f33dc45,9f01d7322f33dc45
evaluation,policy,hevlm,907,320,hold,1,hold,True,1.61946297,1.61946297,0,0,0,True,1.56538141,1.53382027,1.57838261,0,0.275102854,-0.473589391,b310d719c9aa664b,8836f71c25643837,8836f71c25643837,8836f71c25643837
evaluation,policy,hevlm,907,384,hold,1,hold,True,1.56582713,1.56582713,0,0,1.621246337890625e-05,False,1.56129789,1.547122,1.58721626,0,0.574730039,-0.856660008,a6d7cab3411327db,81bb178da148aeaa,81bb178da148aeaa,81bb178da148aeaa
evaluation,policy,hevlm,907,448,hold,1,hold,True,1.56041813,1.56041813,0,0,1.5735626220703125e-05,False,1.57702005,1.57445478,1.58269179,0,0.593714178,-0.888193429,0fbc62e8b996d55f,18577103508b4c24,18577103508b4c24,18577103508b4c24
evaluation,policy,simple,701,1,brake,2,brake,True,3.19179416,3.17341971,-0.01837444305419922,-0.005790106232460222,0.03540825843811035,False,4.49377203,3.0889864,3.41040325,0,-0.880210042,1.0207901,e439332c4a50c48e,220faa13ab59d418,220faa13ab59d418,220faa13ab59d418
evaluation,policy,simple,701,64,brake,2,brake,True,2.88563275,2.88553309,-9.965896606445312e-05,-3.453744187519779e-05,9.965896606445312e-05,False,3.25065804,2.99903107,2.94538403,0,-0.616244078,0.693842053,45f7a7e62bc3cc81,51943ab5f632507d,51943ab5f632507d,51943ab5f632507d
evaluation,policy,simple,701,128,brake,2,brake,True,2.55056667,2.55087256,0.0003058910369873047,0.0001199161892092256,0,True,2.52840734,2.38489676,2.79155779,0,-0.024420727,-0.0542423651,36d7fa631efce8cf,e819bbf6370cf376,e819bbf6370cf376,e819bbf6370cf376
evaluation,policy,simple,701,192,brake,2,brake,True,2.39033318,2.39028001,-5.316734313964844e-05,-2.224313499319688e-05,7.510185241699219e-05,False,2.33183408,2.23073936,2.72161794,0,0.0721729174,-0.186585203,9d9f07919ab29267,73c7e4140fc4f45e,73c7e4140fc4f45e,73c7e4140fc4f45e
evaluation,policy,simple,701,256,brake,2,brake,True,2.46744728,2.46781206,0.0003647804260253906,0.00014781525867756776,0,True,2.62612939,2.55145645,2.69706488,0,-0.0408913344,-0.0636626258,c87a9a05197ad876,8e1e10cbfe1d9fea,8e1e10cbfe1d9fea,8e1e10cbfe1d9fea
evaluation,policy,simple,701,320,brake,2,brake,True,2.44837284,2.44837284,0,0,9.012222290039062e-05,False,2.19148731,2.1393652,2.65465784,0,0.356927335,-0.561073422,226627ad244580c2,bf33f170758a3115,bf33f170758a3115,bf33f170758a3115
evaluation,policy,simple,701,384,brake,2,brake,True,2.50499129,2.50499129,0,0,0,True,2.55367899,2.49987435,2.64957047,0,0.216932252,-0.404569715,2c8cea8304834b2e,b648adc082ea4a1a,b648adc082ea4a1a,b648adc082ea4a1a
evaluation,policy,simple,701,448,brake,2,brake,True,2.45244122,2.45244122,0,0,0,True,1.91626692,1.87456214,2.62839723,0,0.832860827,-1.16319454,fd7f711528a2288b,d14bc524bb813180,d14bc524bb813180,d14bc524bb813180
evaluation,policy,simple,907,1,brake,2,brake,True,3.47188973,3.4614923,-0.01039743423461914,-0.003003742412131292,0.020464658737182617,False,4.0530448,3.17585206,3.4271872,0,-0.852778673,0.986199915,611ce049b5ce1913,57b7a9d4736b101a,57b7a9d4736b101a,57b7a9d4736b101a
evaluation,policy,simple,907,64,brake,2,brake,True,2.65238357,2.65223765,-0.00014591217041015625,-5.5014721320355095e-05,0.0001480579376220703,False,3.02049041,2.81669426,2.89881778,0,-0.384877414,0.403651208,73778c80b91fe13f,73b445c9ed7e4da7,73b445c9ed7e4da7,73b445c9ed7e4da7
evaluation,policy,simple,907,128,brake,2,brake,True,2.80403805,2.80401134,-2.6702880859375e-05,-9.523096753782386e-06,5.8650970458984375e-05,False,2.50448132,2.32504702,2.86556792,0,0.00418520626,-0.0926198587,f1887855532c294a,18ec68fcc898e08d,18ec68fcc898e08d,18ec68fcc898e08d
evaluation,policy,simple,907,192,brake,2,brake,True,2.53619218,2.53622651,3.4332275390625e-05,1.3536749065964814e-05,0,True,2.84356594,2.67520285,2.72098231,0,0.166202843,-0.316758126,6fdb47cc9ecdbc8a,da640b660ba12059,da640b660ba12059,da640b660ba12059
evaluation,policy,simple,907,256,brake,2,brake,True,3.11019373,3.11036658,0.0001728534698486328,5.557332541676971e-05,0,True,2.50133467,2.41978145,2.68823242,0,0.0684461743,-0.197489873,0738527288fb4bdd,f2dc5405aa677407,f2dc5405aa677407,f2dc5405aa677407
evaluation,policy,simple,907,320,brake,2,brake,True,2.40953827,2.40953827,0,0,0,True,2.97648859,2.90055943,2.65215349,0,-0.203017682,0.12107043,368dfb070cb93665,4541b048c625cd4d,4541b048c625cd4d,4541b048c625cd4d
evaluation,policy,simple,907,384,brake,2,brake,True,2.37100744,2.37100744,0,0,0,True,2.18038034,2.09917974,2.62645888,0,0.544133425,-0.802834034,2cac4fe9fa91239d,64f460f8770e4620,64f460f8770e4620,64f460f8770e4620
evaluation,policy,simple,907,448,brake,2,brake,True,3.00855279,3.00855279,0,0,0,True,2.58425832,2.5078814,2.60839224,0,0.363389939,-0.595157623,30b1c492b9955f3d,e42628b92bc7966a,e42628b92bc7966a,e42628b92bc7966a
evaluation,policy,hevlm,701,1,brake,2,brake,True,2.25991654,2.2526176,-0.007298946380615234,-0.00324020514988941,0.013008832931518555,False,4.06184292,2.09630966,2.2895124,0,-0.915527403,1.06532526,98d8309ec07617f0,220faa13ab59d418,220faa13ab59d418,220faa13ab59d418
evaluation,policy,hevlm,701,64,brake,2,brake,True,1.58883119,1.58884656,1.537799835205078e-05,9.67871222995173e-06,0,True,1.5932709,1.54327345,1.65781176,0,-0.000870141666,-0.0555168428,6acba3608814b5fd,26775fcb66ae4656,26775fcb66ae4656,26775fcb66ae4656
evaluation,policy,hevlm,701,128,brake,2,brake,True,1.58861494,1.58860719,-7.748603820800781e-06,-4.877605352678533e-06,7.748603820800781e-06,False,1.54981148,1.47962964,1.59902072,0,0.135526776,-0.248089224,9350c8521a5711d7,f674170b7f756520,f674170b7f756520,f674170b7f756520
evaluation,policy,hevlm,701,192,brake,2,brake,True,1.65503311,1.65529513,0.0002620220184326172,0.0001582931374727701,0,True,1.61294878,1.57977343,1.56864715,0,0.109723747,-0.237981111,8b01d7992e92e785,f6a865c3d4ee3ecf,f6a865c3d4ee3ecf,f6a865c3d4ee3ecf
evaluation,policy,hevlm,701,256,brake,2,brake,True,1.56716084,1.56716084,0,0,0,True,1.51841378,1.50606549,1.57978821,0,0.273812413,-0.456849992,4c4ac954f566d794,3743adb5f2aec050,3743adb5f2aec050,3743adb5f2aec050
evaluation,policy,hevlm,701,320,brake,2,brake,True,1.54441619,1.54441619,0,0,0,True,1.54964721,1.53877902,1.56178975,0,0.394992113,-0.622264683,8af82447589cde2f,ed346dbe56821115,ed346dbe56821115,ed346dbe56821115
evaluation,policy,hevlm,701,384,brake,2,brake,True,1.60390687,1.60390687,0,0,2.6226043701171875e-06,False,1.68354571,1.60525191,1.57346582,0,0.281591088,-0.495432943,185c4711930143a2,5202b9b08d12fc61,5202b9b08d12fc61,5202b9b08d12fc61
evaluation,policy,hevlm,701,448,brake,2,brake,True,1.65001023,1.65001023,0,0,1.5139579772949219e-05,False,1.52330852,1.49902904,1.57196367,0,0.651630878,-0.959061146,f5450aa19d9473ae,4a4af2c8e3d58944,4a4af2c8e3d58944,4a4af2c8e3d58944
evaluation,policy,hevlm,907,1,brake,2,brake,True,2.13971782,2.12918472,-0.01053309440612793,-0.004947005934165141,0.020479917526245117,False,3.66525078,2.1650002,2.15247464,0,-0.898985505,1.0444659,ad11ab744e791f36,57b7a9d4736b101a,57b7a9d4736b101a,57b7a9d4736b101a
evaluation,policy,hevlm,907,64,brake,2,brake,True,1.67491221,1.67301965,-0.0018925666809082031,-0.0011312273304128731,0.00463557243347168,False,1.64407849,1.54001594,1.65073049,0,-0.0750905946,0.034578111,81f3e7dae931058a,517d73bb650d1ad6,517d73bb650d1ad6,517d73bb650d1ad6
evaluation,policy,hevlm,907,128,brake,2,brake,True,1.53887451,1.53831577,-0.0005587339401245117,-0.00036321123836617457,0.0011038780212402344,False,1.50157046,1.45365715,1.65324402,0,0.0130193923,-0.0956134796,1a58c77a374f0988,18936c50d652617e,18936c50d652617e,18936c50d652617e
evaluation,policy,hevlm,907,192,brake,2,brake,True,1.53541183,1.53545499,4.315376281738281e-05,2.810485167999705e-05,0,True,1.58673227,1.54722977,1.58057058,0,0.0275751669,-0.13576062,fbc4ba50d235c8ce,7a62fa945b608b06,7a62fa945b608b06,7a62fa945b608b06
evaluation,policy,hevlm,907,256,brake,2,brake,True,1.52553821,1.52553821,0,0,0,True,1.56299019,1.51935482,1.57634044,0,0.170350462,-0.329767197,672304eadb1ef400,9f01d7322f33dc45,9f01d7322f33dc45,9f01d7322f33dc45
evaluation,policy,hevlm,907,320,brake,2,brake,True,1.61946297,1.61946297,0,0,0,True,1.56538141,1.53382027,1.57838261,0,0.275102854,-0.473589391,b310d719c9aa664b,8836f71c25643837,8836f71c25643837,8836f71c25643837
evaluation,policy,hevlm,907,384,brake,2,brake,True,1.56582713,1.56582713,0,0,1.621246337890625e-05,False,1.56129789,1.547122,1.58721626,0,0.574730039,-0.856660008,a6d7cab3411327db,81bb178da148aeaa,81bb178da148aeaa,81bb178da148aeaa
evaluation,policy,hevlm,907,448,brake,2,brake,True,1.56041813,1.56041813,0,0,1.5735626220703125e-05,False,1.57702005,1.57445478,1.58269179,0,0.593714178,-0.888193429,0fbc62e8b996d55f,18577103508b4c24,18577103508b4c24,18577103508b4c24
evaluation,policy,simple,701,1,push,3,push,True,3.1563859,3.17341971,0.017033815383911133,0.005367651162325745,0,True,4.44725895,3.06397843,3.39199948,0,-0.880210042,1.0207901,e439332c4a50c48e,220faa13ab59d418,220faa13ab59d418,220faa13ab59d418
evaluation,policy,simple,701,64,push,3,push,True,2.88553309,2.88553309,0,0,0,True,3.24864411,2.9973135,2.94486904,0,-0.616244078,0.693842053,45f7a7e62bc3cc81,51943ab5f632507d,51943ab5f632507d,51943ab5f632507d
evaluation,policy,simple,701,128,push,3,push,True,2.55191159,2.55087256,-0.0010390281677246094,-0.00040732248836617703,0.001344919204711914,False,2.52537775,2.38351846,2.79338646,0,-0.024420727,-0.0542423651,36d7fa631efce8cf,e819bbf6370cf376,e819bbf6370cf376,e819bbf6370cf376
evaluation,policy,simple,701,192,push,3,push,True,2.39025807,2.39028001,2.193450927734375e-05,9.176539997193331e-06,0,True,2.32997298,2.22567916,2.72230577,0,0.0721729174,-0.186585203,9d9f07919ab29267,73c7e4140fc4f45e,73c7e4140fc4f45e,73c7e4140fc4f45e
evaluation,policy,simple,701,256,push,3,push,True,2.46820402,2.46781206,-0.00039196014404296875,-0.00015882894461824928,0.0007567405700683594,False,2.62530661,2.54737806,2.69790721,0,-0.0408913344,-0.0636626258,c87a9a05197ad876,8e1e10cbfe1d9fea,8e1e10cbfe1d9fea,8e1e10cbfe1d9fea
evaluation,policy,simple,701,320,push,3,push,True,2.44828272,2.44837284,9.012222290039062e-05,3.680901233120065e-05,0,True,2.19122529,2.13873386,2.65462327,0,0.356927335,-0.561073422,226627ad244580c2,bf33f170758a3115,bf33f170758a3115,bf33f170758a3115
evaluation,policy,simple,701,384,push,3,push,True,2.50500202,2.50499129,-1.0728836059570312e-05,-4.282981664155367e-06,1.0728836059570312e-05,False,2.5533905,2.49963951,2.64957643,0,0.216932252,-0.404569715,2c8cea8304834b2e,b648adc082ea4a1a,b648adc082ea4a1a,b648adc082ea4a1a
evaluation,policy,simple,701,448,push,3,push,True,2.45245266,2.45244122,-1.1444091796875e-05,-4.6664062967417e-06,1.1444091796875e-05,False,1.91596794,1.87417471,2.62840319,0,0.832860827,-1.16319454,fd7f711528a2288b,d14bc524bb813180,d14bc524bb813180,d14bc524bb813180
evaluation,policy,simple,907,1,push,3,push,True,3.45142508,3.4614923,0.010067224502563477,0.002908347244949411,0,True,4.02100563,3.15178394,3.40807319,0,-0.852778673,0.986199915,611ce049b5ce1913,57b7a9d4736b101a,57b7a9d4736b101a,57b7a9d4736b101a
evaluation,policy,simple,907,64,push,3,push,True,2.65223551,2.65223765,2.1457672119140625e-06,8.090400194169867e-07,0,True,3.01862407,2.8149538,2.89888883,0,-0.384877414,0.403651208,73778c80b91fe13f,73b445c9ed7e4da7,73b445c9ed7e4da7,73b445c9ed7e4da7
evaluation,policy,simple,907,128,push,3,push,True,2.8039794,2.80401134,3.1948089599609375e-05,1.1393705044703928e-05,0,True,2.50210428,2.32394266,2.86579108,0,0.00418520626,-0.0926198587,f1887855532c294a,18ec68fcc898e08d,18ec68fcc898e08d,18ec68fcc898e08d
evaluation,policy,simple,907,192,push,3,push,True,2.53624105,2.53622651,-1.4543533325195312e-05,-5.734317312665651e-06,4.887580871582031e-05,False,2.84176946,2.66668439,2.72128224,0,0.166202843,-0.316758126,6fdb47cc9ecdbc8a,da640b660ba12059,da640b660ba12059,da640b660ba12059
evaluation,policy,simple,907,256,push,3,push,True,3.11060452,3.11036658,-0.00023794174194335938,-7.649955691853265e-05,0.0004107952117919922,False,2.50077605,2.41727257,2.68941569,0,0.0684461743,-0.197489873,0738527288fb4bdd,f2dc5405aa677407,f2dc5405aa677407,f2dc5405aa677407
evaluation,policy,simple,907,320,push,3,push,True,2.40954018,2.40953827,-1.9073486328125e-06,-7.915822984574428e-07,1.9073486328125e-06,False,2.97612834,2.90026283,2.65216303,0,-0.203017682,0.12107043,368dfb070cb93665,4541b048c625cd4d,4541b048c625cd4d,4541b048c625cd4d
evaluation,policy,simple,907,384,push,3,push,True,2.37104845,2.37100744,-4.100799560546875e-05,-1.729559240315194e-05,4.100799560546875e-05,False,2.18002248,2.09891248,2.62644601,0,0.544133425,-0.802834034,2cac4fe9fa91239d,64f460f8770e4620,64f460f8770e4620,64f460f8770e4620
evaluation,policy,simple,907,448,push,3,push,True,3.00859737,3.00855279,-4.458427429199219e-05,-1.481917140547922e-05,4.458427429199219e-05,False,2.5839088,2.50767064,2.60838103,0,0.363389939,-0.595157623,30b1c492b9955f3d,e42628b92bc7966a,e42628b92bc7966a,e42628b92bc7966a
evaluation,policy,hevlm,701,1,push,3,push,True,2.24690771,2.2526176,0.00570988655090332,0.002534777328500081,0,True,3.97492361,2.09041095,2.27493978,0,-0.915527403,1.06532526,98d8309ec07617f0,220faa13ab59d418,220faa13ab59d418,220faa13ab59d418
evaluation,policy,hevlm,701,64,push,3,push,True,1.58940613,1.58884656,-0.0005595684051513672,-0.00035218507912708073,0.000574946403503418,False,1.591488,1.54307079,1.65803456,0,-0.000870141666,-0.0555168428,6acba3608814b5fd,26775fcb66ae4656,26775fcb66ae4656,26775fcb66ae4656
evaluation,policy,hevlm,701,128,push,3,push,True,1.5892688,1.58860719,-0.0006616115570068359,-0.0004164724570363978,0.0006616115570068359,False,1.54821062,1.47958064,1.60019124,0,0.135526776,-0.248089224,9350c8521a5711d7,f674170b7f756520,f674170b7f756520,f674170b7f756520
evaluation,policy,hevlm,701,192,push,3,push,True,1.655581,1.65529513,-0.00028586387634277344,-0.00017269651667866363,0.0005478858947753906,False,1.61254179,1.57901037,1.56854248,0,0.109723747,-0.237981111,8b01d7992e92e785,f6a865c3d4ee3ecf,f6a865c3d4ee3ecf,f6a865c3d4ee3ecf
evaluation,policy,hevlm,701,256,push,3,push,True,1.56716204,1.56716084,-1.1920928955078125e-06,-7.606699330136983e-07,1.1920928955078125e-06,False,1.51834989,1.50600827,1.5798043,0,0.273812413,-0.456849992,4c4ac954f566d794,3743adb5f2aec050,3743adb5f2aec050,3743adb5f2aec050
evaluation,policy,hevlm,701,320,push,3,push,True,1.54443693,1.54441619,-2.0742416381835938e-05,-1.3430578555438553e-05,2.0742416381835938e-05,False,1.54952693,1.53873301,1.56177998,0,0.394992113,-0.622264683,8af82447589cde2f,ed346dbe56821115,ed346dbe56821115,ed346dbe56821115
evaluation,policy,hevlm,701,384,push,3,push,True,1.60390425,1.60390687,2.6226043701171875e-06,1.6351340493764288e-06,0,True,1.68320096,1.60510099,1.57348919,0,0.281591088,-0.495432943,185c4711930143a2,5202b9b08d12fc61,5202b9b08d12fc61,5202b9b08d12fc61
evaluation,policy,hevlm,701,448,push,3,push,True,1.64999509,1.65001023,1.5139579772949219e-05,9.175440454341124e-06,0,True,1.52321184,1.49895537,1.57196617,0,0.651630878,-0.959061146,f5450aa19d9473ae,4a4af2c8e3d58944,4a4af2c8e3d58944,4a4af2c8e3d58944
evaluation,policy,hevlm,907,1,push,3,push,True,2.1192379,2.12918472,0.009946823120117188,0.004671655935475446,0,True,3.58003783,2.14255619,2.12858701,0,-0.898985505,1.0444659,ad11ab744e791f36,57b7a9d4736b101a,57b7a9d4736b101a,57b7a9d4736b101a
evaluation,policy,hevlm,907,64,push,3,push,True,1.67027664,1.67301965,0.0027430057525634766,0.0016395528390526714,0,True,1.64163101,1.53534555,1.64809978,0,-0.0750905946,0.034578111,81f3e7dae931058a,517d73bb650d1ad6,517d73bb650d1ad6,517d73bb650d1ad6
evaluation,policy,hevlm,907,128,push,3,push,True,1.53777063,1.53831577,0.0005451440811157227,0.0003543769987302147,0,True,1.50090611,1.45330691,1.65455389,0,0.0130193923,-0.0956134796,1a58c77a374f0988,18936c50d652617e,18936c50d652617e,18936c50d652617e
evaluation,policy,hevlm,907,192,push,3,push,True,1.53587425,1.53545499,-0.00041925907135009766,-0.00027305183248218124,0.00046241283416748047,False,1.58635998,1.54642975,1.58049536,0,0.0275751669,-0.13576062,fbc4ba50d235c8ce,7a62fa945b608b06,7a62fa945b608b06,7a62fa945b608b06
evaluation,policy,hevlm,907,256,push,3,push,True,1.52554667,1.52553821,-8.463859558105469e-06,-5.548110152960622e-06,8.463859558105469e-06,False,1.56286728,1.51928627,1.57633567,0,0.170350462,-0.329767197,672304eadb1ef400,9f01d7322f33dc45,9f01d7322f33dc45,9f01d7322f33dc45
evaluation,policy,hevlm,907,320,push,3,push,True,1.61946523,1.61946297,-2.2649765014648438e-06,-1.3985964169205914e-06,2.2649765014648438e-06,False,1.56534338,1.53376985,1.5783819,0,0.275102854,-0.473589391,b310d719c9aa664b,8836f71c25643837,8836f71c25643837,8836f71c25643837
evaluation,policy,hevlm,907,384,push,3,push,True,1.56581092,1.56582713,1.621246337890625e-05,1.0353922665664887e-05,0,True,1.56114376,1.54701495,1.5872004,0,0.574730039,-0.856660008,a6d7cab3411327db,81bb178da148aeaa,81bb178da148aeaa,81bb178da148aeaa
evaluation,policy,hevlm,907,448,push,3,push,True,1.56040239,1.56041813,1.5735626220703125e-05,1.0084230530496804e-05,0,True,1.57689917,1.57436764,1.58268809,0,0.593714178,-0.888193429,0fbc62e8b996d55f,18577103508b4c24,18577103508b4c24,18577103508b4c24
